email_id,from_name,from_email,subject,body,timestamp
1,WESLEY BULL,WESLEY.BULL@hotmail.com,This is your FINAL CHANCE – Unacceptable Service & DEMANDS,"Let me be unequivocally clear: I am a top-tier customer, having spent over $7,000 with MediaVault, and the way I have been treated lately is a disgrace. Your new streaming platform is a joke, constantly freezing, and the selection has dwindled to nothing but old B-movies. My last three support interactions have been abysmal, wasting hours of my time. THIS IS COMPLETELY UNACCEPTABLE.

I DEMAND a full year's subscription credit added to my account immediately. Furthermore, I expect a personal apology from a senior executive and a detailed plan outlining how you intend to rectify these systemic failures. If these demands are not met within 48 hours, I will not only cancel my account and take my business elsewhere, but I will also contact every major consumer advocacy group, tech journalist, and local news outlet to expose your declining service and disregard for loyal customers. Do not underestimate my resolve. You have been warned.",2025-12-14 07:29:30
2,PEARL GARZA,PEARL.GARZA@gmail.com,Email for account,"hi there I need to change the email that my mediavault account uses I think it's the one I'm sending this from now but I'd like to use pearl.garza.new@emailservice.net instead because my old one gets too much spam and I want to make sure I get my rental reminders you know how it is sometimes the emails just dont come through so a new one would be better thanks for your help.

Pearl Garza",2026-01-15 23:54:52
3,JENNY CASTRO,JENNY.CASTRO@yahoo.com,Loved PARADISE SABRINA!,"OMG I just rented PARADISE SABRINA last week and it was absolutely hilarious! My whole family watched it, even my skeptical teenager laughed. It's so hard to find good comedies that aren't too rude for everyone, and this one hit the spot. Definitely a repeat rental for us! Thanks for having such great options!",2026-01-24 05:49:22
4,MARCIA DEAN,MARCIA.DEAN@aol.com,URGENT: Unacceptable Service and Intent to Pursue Legal Action,"To Whom It May Concern,

I am writing to express my extreme dissatisfaction with the continuous decline in service quality at MediaVault. As a long-standing, high-value customer (account ID associated with this email, total spend over $7000), I expect a certain standard, which you have consistently failed to meet over the past several months.

My recent attempts to resolve an ongoing technical issue with streaming content were met with incompetence and what I can only describe as deliberate obfuscation. Your automated system is useless, and your online 'support' chat disconnected me twice without resolution. This is not how you treat loyal customers.

Be advised, if this matter is not addressed to my complete satisfaction, including a full refund for my last three months of subscription and a substantial credit to my account for my troubles, I will be consulting with my legal counsel regarding potential breaches of service agreements and consumer rights. Furthermore, I will not hesitate to share my experience publicly and through various media channels. I expect a personal response from a senior manager within 24 hours. Consider this my formal notice.",2026-01-28 17:29:43
5,TODD TAN,TODD.TAN@outlook.com,"Regarding late return of ""MAUDE MOD"" - Request for leniency","Dear MediaVault Customer Service,

I am writing to acknowledge the late return of the film ""MAUDE MOD."" I understand that the film is currently listed as 8 days overdue, and I sincerely apologize for this oversight.

Unfortunately, I was unexpectedly called out of town for a family emergency shortly after renting the film, and I was unable to return it by the due date. I have since returned the film. While I understand the policies regarding late fees, I would be very grateful if you could consider waiving or reducing the associated charges given the extenuating circumstances.

I am a loyal customer and hope for your understanding.

Thank you for your time and consideration.

Sincerely,
Todd Tan",2026-01-14 03:08:18
6,ROBERTA HARPER,ROBERTA.HARPER@icloud.com,Closing a deceased person's account - For my late husband,"Dear MediaVault Customer Service,

I'm writing to you today with a very heavy heart. My husband, Thomas Harper, passed away last week. He was a big fan of your service, and I'm going through the difficult task of closing down his accounts and subscriptions.

Could you please help me with closing his MediaVault account? His email was [assuming she would provide an email, but since I only have hers, I'll make it clear it's her husband's account]. I'm not sure what information you need from me, but I have his death certificate and other documents if necessary. This is all very hard, so any guidance you could provide to make this process as simple as possible would be greatly appreciated. Thank you for your understanding during this sorrowful time.",2025-12-25 02:09:59
7,EUGENE CULPEPPER,EUGENE.CULPEPPER@protonmail.com,Request for Full Data Deletion - GDPR,"Dear MediaVault Support Team,

I am formally requesting the complete and permanent deletion of all my personal data held by MediaVault, effective immediately. This includes, but is not limited to, my account details, rental history, payment information, contact information, and any associated metadata or communication logs.

I understand that under data protection regulations (such as GDPR, even if you are not directly based in the EU, I expect this level of privacy), I have the right to request the erasure of my data. Please confirm in writing once this process has been completed and that no residual data pertaining to me remains on your systems or with any third-party processors you utilize.

I do not wish for my account to be merely deactivated, but for all information to be irrevocably erased. Thank you for your prompt attention to this urgent matter.",2025-12-12 00:21:42
8,CHRISTIAN JUNG,CHRISTIAN.JUNG@mail.com,Question Regarding IDAHO LOVE Charge of $5.99,"Hello MediaVault Support,

I recently rented 'IDAHO LOVE' and was charged $5.99. My understanding was that the rental rate for this film was $2.99, as indicated when I initially selected it on July 30, 2005. Could you please explain the discrepancy between the expected rental rate and the actual charged amount? I'd appreciate a detailed breakdown of this charge.

Thank you,
Christian Jung",2026-01-13 08:50:47
9,BOBBY BOUDREAU,BOBBY.BOUDREAU@live.com,Inquiry About My Membership Level!,"Greetings MediaVault Customer Service!

I hope this email finds you well. I'm a huge fan of MediaVault, you guys have the best selection of foreign films! I was just curious about my current membership level. I've been renting quite a bit lately, and I was wondering if I've qualified for any upgrades or special perks. I remember seeing something about different tiers, and I'd love to know where I stand.

Could you please provide me with details regarding my current membership status and any potential benefits? Thank you so much for your time and excellent service!

Best regards,
Bobby Boudreau",2026-01-24 20:42:11
10,VICTORIA GIBSON,VICTORIA.GIBSON@example.com,Charge Discrepancy for LOVER TRUMAN,"Hello,

I'm contacting you about a charge for the film 'LOVER TRUMAN'. My records show I was charged $5.99, but I recall the rental rate for that film being $2.99. I rented it around July 28th and returned it on August 3rd. Could you please explain why there's a difference in the amount charged? I'm hoping it's just a misunderstanding on my part.

Thank you,
Victoria Gibson",2026-01-17 20:27:22
11,LAURA RODRIGUEZ,LAURA.RODRIGUEZ@hotmail.com,Address Change,"New address: 789 Maple Drive, Smallville, AZ 85001. Please update.",2026-01-20 09:42:39
12,SYLVIA ORTIZ,SYLVIA.ORTIZ@gmail.com,Regarding recent late fee charge for ALADDIN CALENDAR,"Dear MediaVault Customer Service,

I am writing to inquire about a late fee I seem to have been charged for my rental of ""ALADDIN CALENDAR"". My records indicate I rented this film on August 1st, 2005, and returned it on August 4th, 2005. Given a standard 3-day rental period, this should mean it was returned on time. Could you please review my account and clarify why this charge was applied? I believe there may have been an error.

Thank you for your time and assistance.",2025-12-17 16:40:42
13,RONNIE RICKETTS,RONNIE.RICKETTS@yahoo.com,Dispute on HOLLOW JEOPARDY Charge,"To whom it may concern,

I am disputing the charge of $4.99 for ""HOLLOW JEOPARDY."" My records show that I rented this film on May 25, 2005, and I am certain I returned it by May 29th, not May 31st as your system might indicate. Therefore, this charge, particularly if it includes any late fees or an extended rental period, is incorrect.

I expect this to be investigated and my account credited accordingly. Please cross-reference your return logs carefully. I make a point of returning films on time, and this discrepancy is unacceptable.

Ronnie Ricketts",2025-12-30 13:44:46
14,KARL SEAL,KARL.SEAL@aol.com,Store 2 wait times,Waited over 20 minutes to rent a film at your Store 2 location last night. Only one person working. This is ridiculous.,2026-02-12 12:43:53
15,JENNIFER DAVIS,JENNIFER.DAVIS@outlook.com,Recent Transaction History,Could you please send me a copy of my recent transaction history for the last three months? I need it for my records. Thanks.,2025-12-28 03:56:47
16,DENNIS GILMAN,DENNIS.GILMAN@icloud.com,Dispute: PAST SUICIDES Rental,"To Whom It May Concern,

I am writing to dispute a charge of $4.99 for the film 'PAST SUICIDES' on or around August 2nd. I rented this film but I'm quite certain I returned it on August 4th, not the 6th as your system seems to indicate. I shouldn't be charged extra if I returned it promptly. Please investigate this matter and adjust my billing accordingly.

Sincerely,
Dennis Gilman",2026-02-11 12:19:50
17,AARON SELBY,AARON.SELBY@protonmail.com,Review of Recent Charges and Account Status,"Dear MediaVault Support,

I am writing to request a comprehensive review of my recent billing activity and my overall account status. I recently noticed a charge of $4.99 for the film ""SWEDEN SHINING,"" which I rented around June 18, 2005. While this charge seems accurate, I would appreciate confirmation that there are no other unexpected or outstanding charges on my account.

Could you please provide a detailed breakdown of all transactions from the past three months? I want to ensure that all charges align with my rental history and that no erroneous fees have been applied. I am particularly interested in confirming that all films have been marked as returned correctly and that no late fees have been inadvertently assessed.

Thank you for your assistance in clarifying my account details.

Sincerely,
Aaron Selby",2026-01-09 02:02:27
18,JOHNNY TURPIN,JOHNNY.TURPIN@mail.com,Need help please - financial hardship,"hey im writing because im having a really hard time right now. lost my job last month and things are just piling up. i know it's only a few dollars, but i rented 'WILLOW TRACY' last week for $2.99 and honestly i need every penny i can get. would it be possible to get a refund for that? or even a credit for future use? i know its not a lot but it would really help. i dont know what else to do. its really bad out here. please anything you can do would be a godsend.",2026-02-08 20:04:12
19,MILDRED BAILEY,MILDRED.BAILEY@live.com,"BOOGIE AMELIE $9.98 charge, I dun get it","I got a charge for BOOGIE AMELIE for like 9 dollars and 98 cents. But I don't remember renting that film from MediaVault. Or if I did I returned it. The email said I rented it on February 14 2006. So I don't know why you are charging me for it. This is not rite. Can someone check my accont. I think there's been a mistake.

Mildred Bailey",2025-12-10 08:08:58
20,SAMANTHA DUNCAN,SAMANTHA.DUNCAN@example.com,Appreciation for your Staff at Store 2,"I wanted to take a moment to express my sincere appreciation for the wonderful staff at your Store 2 location. I was having trouble finding a specific film the other day, and a young woman working there went above and beyond to help me locate it. She was incredibly patient and cheerful, even though the store was quite busy. It's these kinds of positive interactions that make me a loyal MediaVault customer. Please extend my thanks to your team there!",2026-02-05 07:53:23
21,DANNY ISOM,DANNY.ISOM@hotmail.com,movie selction at store 1,hey im just wonderin why your store never has any good movies i always go to store 1 an its the same old stuff or the new ones are always gone like all the time can you guys get more movies or something i like action and adventure and it feels like you only have like the same 5 films everytime i go there it's real anoying,2026-01-14 14:07:12
22,DAN PAINE,DAN.PAINE@gmail.com,Complaint regarding Mike Hillyer at Store 1,"I visited your Store 1 location yesterday, around 4:30 PM. I was trying to rent 'IDAHO LOVE' but was having trouble with the self-serve kiosk. I asked for help from a staff member, Mike Hillyer, who seemed completely uninterested in assisting me. He was rude and dismissive, barely looking up from his phone. When I pressed for help, he made a sarcastic comment about 'people who can't read instructions' and just walked away. This is NOT how customers should be treated. I've been a MediaVault customer for years and have never encountered such disrespect. Mike Hillyer's attitude was unprofessional and completely unacceptable. I demand that this issue be addressed and that I receive an apology for his behavior.",2025-12-28 18:50:33
23,DANNY ISOM,DANNY.ISOM@yahoo.com,DISPUTE LATE FEE,I just got a bill for a $5.99 late fee. I don't owe any late fees. I RETURN ALL MY MOVIES ON TIME. This is incorrect and I expect it to be removed immediately. Stop trying to hit me with bogus charges. What movie is this even for?! Fix it now!,2026-01-16 10:18:29
24,JOSEPHINE GOMEZ,JOSEPHINE.GOMEZ@aol.com,YOUR CHECKOUT LINES ARE RIDICULOUS!!!!,"I can't believe how long I had to wait at your Store 1 location just to return 'GRACELAND DYNAMITE'. It was AUGUST 26TH and there was ONLY ONE PERSON AT THE COUNTER and a HUGE line, probably 10-15 people deep. This isn't the first time either, it happens practically EVERY time I come in. Do you even CARE about your customers time?? I was there for twenty minutes just to drop off a movie and I almost missed my bus and then when it was finally my turn the employee looked so stressed out they barely even acknowledged me. IT'S UNACCEPTABLE. You need more staff or faster service or SOMETHING. This is just plain bad business.",2026-01-25 08:49:10
25,MARION SNYDER,MARION.SNYDER@outlook.com,"Uh, some charges on my account?","Hey MediaVault people,

So I was looking at my bank statement, and there are a couple of charges from you guys that I don't really recognize, or at least they seem a bit high. One was like, almost four dollars, and I remember renting ""CONGENIALITY QUEST"" around July 29th, 2005, but I thought it was a cheaper rental. And then there's another one that's not listed on my rentals, just like some random amount. Could you like, look into it for me? I get confused with all these numbers sometimes, but I'm pretty sure somethings off. I just don't want to be paying for stuff I didn't get or for more than it should be. Let me know what you find, please.

Thanks,
Marion Snyder",2025-12-17 11:43:27
26,DARLENE ROSE,DARLENE.ROSE@icloud.com,Charge for FORWARD TEMPLE,"Why was I charged $4.99 for ""FORWARD TEMPLE""? My rental rate for that movie on July 29, 2005, was $2.99. Please correct this error.",2025-12-17 17:15:48
27,ESTHER CRAWFORD,ESTHER.CRAWFORD@protonmail.com,Regarding an incorrect late fee for STRAIGHT HOURS,"Dear MediaVault Customer Service,

I am writing to dispute a late fee I received for the film ""STRAIGHT HOURS"", which I rented from your Store 2 location on August 1st, 2005. My account shows a charge for an overdue rental, but I distinctly recall returning the disc on August 8th, well within the standard rental period.

I understand that mistakes can happen, but I am certain of the return date. Could you please review my rental history for this specific transaction (rental ID if available) and adjust the charge accordingly? I've been a loyal customer for quite some time and appreciate your prompt attention to this matter.

Sincerely,
Esther Crawford",2026-01-23 11:22:44
28,CINDY FISHER,CINDY.FISHER@mail.com,Account Status Inquiry - Cindy Fisher,"Hi there,

I was wondering if you could tell me about my current account status with MediaVault. I've been renting films quite a bit lately, and I'm curious if I've reached any special membership level or if there are any perks associated with my activity. I often see ads for 'Gold' or 'Platinum' members, and I'm not sure if I qualify or what that even means for me. Could you please provide some clarity on my account status and if there are any benefits I should be aware of?

Thanks,
Cindy Fisher",2026-01-25 12:18:16
29,CRYSTAL FORD,CRYSTAL.FORD@live.com,COMPLAINT ABOUT STAFF MEMBER MIKE HILLYER - Store 1,"I visited your Store 1 earlier today, and I was treated with an appalling lack of respect by an employee named Mike Hillyer. I was trying to resolve an issue with a rental that didn't play correctly, and he was dismissive, rude, and frankly, completely unhelpful. He acted like I was wasting his time and even chuckled when I explained my problem. I have never experienced such unprofessional behavior from a service representative. This is completely unacceptable and reflects terribly on your company. I expect a prompt and serious investigation into Mike Hillyer's conduct and an apology for the way I was treated.",2026-01-04 01:24:12
30,SALLY PIERCE,SALLY.PIERCE@example.com,LATE FEE CHARGE IS UNACCEPTABLE!,"WHAT IS WRONG WITH YOU PEOPLE?! I returned 'INSIDER ARIZONA' on time! I put it in the drop box last Friday, I'm absolutely sure of it. Now I get a bill saying it's 9 DAYS OVERDUE?! THIS IS ABSURD! I AM NOT PAYING A PENNY MORE THAN THE RENTAL FEE. You need to fix this IMMEDIATELY OR I'M CANCELING MY MEMBERSHIP AND TELLING EVERYONE I KNOW HOW AWFUL YOUR SERVICE IS. Get this sorted out.",2026-02-20 05:46:17
31,BRENT HARKINS,BRENT.HARKINS@hotmail.com,Long wait at Store 1,"Just wanted to express my disappointment with the wait times at your Store 1 location. I was there on Tuesday afternoon, and there was only one person working the counter, leading to a line out the door. It took me almost 20 minutes just to return a film. This is not the first time this has happened.",2026-01-25 19:40:46
32,MARIO CHEATHAM,MARIO.CHEATHAM@gmail.com,Excellent Service at Store 1,"Dear MediaVault,

I wanted to express my sincere appreciation for the wonderful experience I had at your Store 1 location yesterday. I was looking for 'HANDICAP BOONDOCK' and couldn't find it right away, but a very helpful staff member (I didn't catch his name, unfortunately) went out of his way to assist me. He was very polite and efficient, even checking the back for me. It's always a pleasure to deal with such dedicated individuals. Thanks for providing such great customer service!",2026-02-08 02:48:57
33,DARLENE ROSE,DARLENE.ROSE@yahoo.com,Wrong movie in the case,I rented 'FORWARD TEMPLE' from Store 2. Got home. Opened it up. NOT 'FORWARD TEMPLE'. Some other movie I've never heard of. What a waste of my time. Not happy.,2025-12-22 01:09:03
34,VICKIE BREWER,VICKIE.BREWER@aol.com,URGENT: Closing Account for Deceased Family Member (Arthur Brewer),"Dear MediaVault Customer Service,

I am writing to you under very difficult circumstances. My father, Arthur Brewer, recently passed away unexpectedly. He had an active MediaVault account, associated with his email: [assuming an email like arthur.brewer@example.com - but not using a real one as per instructions].

As the executor of his estate, I kindly request that you immediately close his account and permanently delete all associated personal and payment information from your records. This is a very sensitive time for our family, and having his accounts remain open causes additional distress. Please let me know what documentation you require from me to facilitate this process, such as a death certificate or legal probate documents. I would appreciate your utmost sensitivity and prompt handling of this request.

Thank you for your understanding during this sorrowful time.",2025-12-19 12:42:58
35,MORRIS MCCARTER,MORRIS.MCCARTER@outlook.com,Question about ISHTAR ROCKETEER charge,"What's up with the $9.99 charge for ISHTAR ROCKETEER? My statement shows this from around July 31st. I thought it was $4.99.

Morris McCarter",2026-01-27 00:21:59
36,MAUREEN LITTLE,MAUREEN.LITTLE@icloud.com,LATE FEE FOR NETWORK PEAK IS WRONG!!!!,"WHAT IS THIS LATE FEE FOR 'NETWORK PEAK'?! MY ACCOUNT SAYS I WAS LATE BY 2 DAYS, BUT I SWEAR I RETURNED IT ON TIME. I AM NOT PAYING $4.99 FOR A LATE FEE I DON'T OWE. THIS IS UNACCEPTABLE. FIX THIS IMMEDIATELY OR I AM CANCELLING MY ACCOUNT. I AM SO ANGRY RIGHT NOW, THIS IS RIDICULOUS!!!!",2026-01-13 13:54:36
37,HERMAN DEVORE,HERMAN.DEVORE@protonmail.com,double charged?,i think you charged me twice for a movie. dont know witch one. can you check my account? thanks.,2026-01-17 04:17:19
38,MILDRED BAILEY,MILDRED.BAILEY@mail.com,WHAT IS THIS CHARGE FOR BOOGIE AMELIE?!,"I JUST SAW A CHARGE ON MY ACCOUNT FOR ""BOOGIE AMELIE"" AND THIS IS ABSOLUTELY OUTRAGEOUS! WHAT IS THIS $9.98 FOR?! I DONT KNOW WHY IM BEING CHARGED THIS MUCH FOR A MOVIE! IT'S YOUR FAULT IF YOUR SYSTEM IS BROKEN OR YOUR STAFF DOESNT CHECK IT IN RIGHT. I EXPECT THIS TO BE RESOLVED IMMEDIATELY. I AM NOT PAYING THIS!!!! THIS IS RIDICULOUS AND UNFAIR AND I AM SO ANGRY RIGHT NOW I CANT BELIEVE THIS. FIX IT!!!!!!",2026-01-13 10:16:20
39,VINCENT RALSTON,VINCENT.RALSTON@live.com,Email Update Request,"Hi,

Need to change my email on file. Current is VINCENT.RALSTON@sakilacustomer.org. New is vincentralston@mynewemail.com.

Thanks,
Vincent",2025-12-30 21:07:14
40,ANTONIO MEEK,ANTONIO.MEEK@example.com,Question about my past rentals,"Hey folks,

Hope you're having a good week. I was just trying to remember what that awesome sci-fi movie was that I rented from you guys about six months ago, and I thought maybe you could help. Could you send me a list of my rentals from, say, the last year or so? Might jog my memory.

Cheers,
Antonio Meek",2025-12-14 04:30:00
41,KRISTIN JOHNSTON,KRISTIN.JOHNSTON@hotmail.com,Request to Close Account - Kristin Johnston,"Dear MediaVault Customer Service,

I am writing to formally request the closure of my MediaVault account. I've been a loyal customer for quite some time, and I've truly enjoyed your service, especially during the colder months when a good movie marathon was exactly what I needed. However, my circumstances have changed, and I find myself with less time for film rentals these days. I'm also trying to cut down on subscriptions where I can.

Please confirm once my account has been fully closed and that there are no outstanding rentals or charges. I appreciate your prompt attention to this matter.

Sincerely,
Kristin Johnston",2026-02-16 02:33:04
42,JORGE OLIVARES,JORGE.OLIVARES@gmail.com,Statement Discrepancy - ANTHEM LUKE,"To Whom It May Concern,

I am reviewing my recent statement and have a question regarding a charge. I rented the film ""ANTHEM LUKE"" and was charged $8.99. However, I distinctly recall the rental rate for this particular film being $4.99. The rental was around July 30, 2005. My overall account balance also appears higher than expected.

Could you please provide a detailed breakdown of this charge and clarify why the amount billed is $8.99 when the listed rental rate was lower? I would appreciate a prompt investigation into this matter.

Sincerely,
Jorge Olivares",2025-12-06 11:25:14
43,HELEN HARRIS,HELEN.HARRIS@yahoo.com,CLOSE MY ACCOUNT NOW!,I AM SICK OF YOUR LATE FEES AND YOUR TERRIBLE CUSTOMER SERVICE. I WANT MY ACCOUNT CLOSED IMMEDIATELY. NO MORE MEDIAVAULT FOR ME. THIS IS AN UNACCEPTABLE SITUATION AND I WANT IT HANDLED TODAY. DO NOT CHARGE ME ANYTHING ELSE. JUST CLOSE IT.,2026-01-21 02:55:15
44,ANNIE RUSSELL,ANNIE.RUSSELL@aol.com,Family Movie Night! Recommendations please!,"Dear MediaVault Team,

My family is planning a movie night this weekend and we're really struggling to pick something that everyone will enjoy. Do you have any recommendations for family-friendly films currently available? We're open to anything really, perhaps something fun from the 'Family' or 'Children' categories. We have younger kids so nothing too scary please! We've already seen 'STRANGER STRANGERS' a few times.

Thank you for your help!

Sincerely,
Annie Russell",2026-01-26 04:52:04
45,TERRY CARLSON,TERRY.CARLSON@outlook.com,Duplicate charge for Bikini Borrowers,"I'm seeing two charges of $4.99 for 'BIKINI BORROWERS' from June 18th. I only rented it once. Please remove the duplicate charge.

Terry Carlson",2025-11-30 03:21:56
46,JILL HAWKINS,JILL.HAWKINS@icloud.com,My visit to Store 1 recently,"Dear MediaVault,

I just wanted to reach out regarding a recent visit I had to your Store 1 location. I came in to return 'WESTWARD SEABISCUIT' and maybe pick up something new. While the movie itself was fine, I felt the atmosphere in the store was a bit... cold, for lack of a better word. The person at the counter seemed very distracted, and when I asked a question about new releases, I felt like I was inconveniencing them. I know everyone has bad days, but it made my experience a little less pleasant than usual. I really do like MediaVault, so I hope this feedback is taken constructively.

Best regards,
Jill Hawkins",2025-12-16 03:20:13
47,JOHNNY TURPIN,JOHNNY.TURPIN@protonmail.com,Billing question,"What's my current balance? Also, confirming a $2.99 charge for WILLOW TRACY from Aug 23.",2026-02-23 19:13:53
48,NICOLE PETERSON,NICOLE.PETERSON@mail.com,Possible Duplicate Charge for Hyde Doctor,"Hi,

I think I've been charged twice for the movie ""HYDE DOCTOR"". I rented it around August 2nd, 2005, and returned it a couple days later. I see one charge for $2.99, which is fine, but there's another charge for $2.99 on August 3rd, or maybe 5th? It looks like the same movie. Can you check if it's a duplicate and remove one of them?

Thanks,
Nicole Peterson",2026-01-17 09:56:45
49,CHRISTY VARGAS,CHRISTY.VARGAS@live.com,Email Address Change Request,"To Whom It May Concern,

I wish to update the email address associated with my MediaVault account. My current email is CHRISTY.VARGAS@sakilacustomer.org. Please change it to christy.vargas.new@example.com. Kindly send a confirmation to the new email once the change is processed.

Regards,
Christy Vargas",2025-11-28 04:28:35
50,JANE BENNETT,JANE.BENNETT@example.com,DISPUTE: Late fee for SIERRA DIVIDE,"I am writing to dispute the late fee I've been assessed for 'SIERRA DIVIDE'. Your system shows I returned it late, but I DISTINCTLY remember returning it on time, possibly a day earlier than stated on my last bill. I had it back to the drop box by the evening of the 5th day, absolutely not 8 days out. This is incorrect and unfair. I demand that this charge be removed from my account. I am a long-time customer and this kind of error is unacceptable. Please correct this mistake right away.",2025-12-05 06:52:42
51,CHARLENE ALVAREZ,CHARLENE.ALVAREZ@hotmail.com,Billing Question - Recent Film Rentals,"Hi MediaVault,

I'm reviewing my recent bank statement and have a question about some charges. I see a $4.99 charge for 'CALIFORNIA BIRDS' from around August 20, 2005, and also a $2.99 charge for 'HOMICIDE PEACH' from July 31, 2005. These seem like individual charges, but I thought sometimes there were package deals or specific rates. Can you confirm if these amounts are correct and if there's any reason they wouldn't align with standard rental rates or if there were any additional fees applied? Just want to make sure I understand everything correctly.

Thanks,
Charlene Alvarez",2025-12-06 21:03:05
52,TIM CARY,TIM.CARY@gmail.com,URGENT: Legal Action Regarding Account Discrepancies,"To Whom It May Concern,

I am writing to express my extreme dissatisfaction with the repeated billing errors and unauthorized charges that have appeared on my MediaVault account over the past three months. Despite numerous attempts to resolve this through your automated customer service channels, the issues persist, and I am still being charged for films I did not rent. This is simply unacceptable for a customer who has spent over $6,800 with your company.

My patience has run out. If these discrepancies are not fully investigated, corrected, and a comprehensive refund issued for all erroneous charges within 48 hours of this email, I will be immediately consulting my legal counsel to pursue appropriate action. I have kept meticulous records of all transactions and communications. I expect a human representative to contact me directly to discuss a resolution, not another automated response.

Consider this my formal notice. Failure to address this swiftly will leave me no option but to escalate this matter legally.",2026-01-20 23:59:27
53,JIMMY SCHRADER,JIMMY.SCHRADER@yahoo.com,Question about recent charge - $0.99,"Hi,

I noticed a charge of $0.99 on my statement from MediaVault on August 1st. I believe this was for 'VOLCANO TEXAS'. Could you please confirm this charge and its purpose? I just want to make sure everything is correct.

Thanks,
Jimmy Schrader",2025-12-24 14:11:57
54,KARL SEAL,KARL.SEAL@aol.com,URGENT: RESOLVE THIS OR FACE LEGAL ACTION,"I am writing to express my extreme dissatisfaction with the continuous issues I've experienced with MediaVault service over the past few months. Despite being a loyal customer for years, spending nearly ten thousand dollars with your company, the recent decline in service quality and repeated billing errors is simply unacceptable.

The final straw was the incorrect charge of $9.98 for 'BOOGIE AMELIE' on my account today. I did not rent this film. This is not the first time. I have attempted to resolve these issues through your automated system and basic support, but to no avail. Your customer service has become a joke.

Consider this a formal notice. If these ongoing problems are not rectified immediately, including a full refund for all disputed charges and a clear explanation of how you intend to prevent future occurrences, I will have no choice but to consult my attorney regarding a claim for breach of contract and deceptive business practices. I expect a personal call from a senior manager within 24 hours. This is not a request; it's a demand.",2026-01-03 01:53:33
55,JORGE OLIVARES,JORGE.OLIVARES@outlook.com,Question about 'ANTHEM LUKE' rental period,"Hello MediaVault,

I rented ""ANTHEM LUKE"" from Store 2 on July 30th and returned it on August 8th. I was charged $8.99 for this rental, and I'm a little confused about the duration this covers. I thought it was a standard 7-day rental. Did I misunderstand the terms for this particular film, or was there an additional charge applied? Could you please clarify the billing for this rental?

Thank you for your assistance.
Jorge Olivares",2025-12-29 05:40:08
56,JOHNNY TURPIN,JOHNNY.TURPIN@icloud.com,Problem with film rental: WILLOW TRACY,"To whom it may concern,

I rented the film ""WILLOW TRACY"" from your Store 2 location on August 23rd, 2005. When I tried to watch it, the disc was heavily scratched and kept freezing or skipping at multiple points. It was impossible to enjoy the film.

I returned it on August 28th, and it was still in that condition. I'm quite disappointed as I was looking forward to seeing it. Is there a possibility of a refund or a credit for this rental? Thank you for your time.

Johnny Turpin",2026-02-21 13:21:33
57,JAVIER ELROD,JAVIER.ELROD@protonmail.com,Loved BLOOD ARGONAUTS! Thanks!,"Hey MediaVault Team,

Just wanted to send a quick note to say how much my family and I enjoyed renting 'BLOOD ARGONAUTS' last weekend. It was such a genuinely good family film, perfect for a movie night with the kids. We sometimes struggle to find movies that everyone agrees on, but this one was a real hit. It's great that you carry such wholesome options alongside the more intense stuff.

Keep up the great work with your selection! We'll definitely be back soon.",2026-01-05 22:23:18
58,MORRIS MCCARTER,MORRIS.MCCARTER@mail.com,Question about 'ISHTAR ROCKETEER' rental,"Hello,

I recently rented 'ISHTAR ROCKETEER' from your Store 2 location. I believe I picked it up on July 31st, 2005, and returned it on August 8th. I just noticed a charge on my statement that seems higher than the initial $8.99 rental fee. Could this be a late fee?

I thought the rental period was fairly generous, but perhaps I miscalculated. Can you please confirm the return date you have on file and explain any additional charges related to this rental?

Thank you for your time.

Morris McCarter",2026-02-19 14:19:33
59,RYAN SALISBURY,RYAN.SALISBURY@live.com,WHERE IS MONTEZUMA COMMAND,HELLO MEDIVAUILT I WENT TO YOUR STORE TODAY AND I COULDNT FIND MONTEZUMA COMMAND ANYWERE. IS IT IN OR NOT OR ARE YOU HIDING IT FROM ME. I NEED TO RENT IT TODAY OR I AM GOING SOMEWHERE ELSE. ANSWER ME NOW I DONT HAVE ALL DAY!!!!!!!!!!,2025-12-29 07:32:16
60,KATHLEEN ADAMS,KATHLEEN.ADAMS@example.com,Regarding service at Store 2,"I am writing to express my consistent dissatisfaction with the level of service I receive at your Store 2 branch. On multiple occasions, I have found the staff to be less than helpful, and sometimes outright dismissive. While I value the convenience of the location, the poor customer interaction makes me question my continued patronage. I believe a review of customer service standards at this particular store would be beneficial.",2026-02-21 01:45:48
61,WILLIE MARKHAM,WILLIE.MARKHAM@hotmail.com,More Horror Films Needed,"Hey, big fan of MediaVault but you guys really need to get more horror movies. It's a huge genre and your selection is kinda weak right now. Would rent a lot more if there were better options. Thanks.",2025-12-09 17:14:53
62,LUIS YANEZ,LUIS.YANEZ@gmail.com,Charge on my account,Hey why was I charged money yesterday?,2026-02-17 06:58:23
63,JOY GEORGE,JOY.GEORGE@yahoo.com,Disappointed with Selection at Store 2,"Hello,

I'm writing to offer some feedback regarding the film selection at your Store 2 branch. I'm a regular customer, but lately, I've found it increasingly difficult to find anything new or interesting to rent. It seems like the shelves are always stocked with the same older titles, and the new releases are either gone immediately or there aren't many to begin with.

I really enjoy renting from MediaVault, but the lack of variety is starting to make me consider other options. Perhaps you could look into updating the inventory more frequently or adding more copies of popular films?

Just a thought.

Best regards,
Joy George",2026-01-22 07:21:47
64,BEVERLY BROOKS,BEVERLY.BROOKS@aol.com,Double Charge for ENTRAPMENT SATISFACTION?,"I'm showing two charges of $0.99 for 'ENTRAPMENT SATISFACTION' on my account, one around August 23rd, 2005 and another on the 24th. I only rented it once. Can you fix this?

Beverly Brooks",2026-01-10 11:36:38
65,MARIAN MENDOZA,MARIAN.MENDOZA@outlook.com,CLOSE MY ACCOUNT NOW!!!,I AM SICK AND TIRED OF GETTING ALL THESE EMAILS AND I HAVEN'T RENTED A MOVIE IN MONTHS. I WANT MY ACCOUNT CLOSED EFFECTIVELY IMMEDIATELY. NO MORE EMAILS. NO MORE CHARGES. JUST CLOSE IT. THIS IS RIDICULOUS. I TOLD YOU LAST WEEK BUT I GUESS NO ONE LISTENED. DO IT NOW!!!!!!!!!!!,2026-01-25 13:30:52
66,SHANE MILLARD,SHANE.MILLARD@icloud.com,Damaged Rental - SPINAL ROCKY,"To MediaVault Management,

I am writing to report an issue with my recent rental of ""SPINAL ROCKY"" (rented July 28th, 2005, returned August 4th, 2005) from your Store 2 location. The disc I received was severely scratched and unplayable. I attempted to watch it multiple times, but it consistently froze and skipped, rendering the film unwatchable.

I expect rental discs to be in proper working condition. This is not the first time I've encountered such a problem. I request a full refund for this rental, or at the very least, a credit for a free rental of equal value. Please advise on how this can be resolved.

Sincerely,
Shane Millard",2025-12-02 10:36:33
67,MARSHA DOUGLAS,MARSHA.DOUGLAS@protonmail.com,Unresolved Issue - Lawyer Incoming,"Your failure to address my previous complaints regarding the persistent billing inaccuracies and unauthorized account access is alarming. I have exhausted all avenues of communication with your standard support channels without resolution.

Be advised that I have now engaged legal counsel. Expect to be contacted directly by my attorney regarding this matter. Further communication should be directed to them. Consider this your final warning before formal proceedings begin.",2025-12-30 09:11:31
68,AUSTIN CINTRON,AUSTIN.CINTRON@mail.com,"Issue with ""BLUES INSTINCT"" Rental","To whom it may concern,

I rented the film ""BLUES INSTINCT"" on August 23rd. Upon attempting to watch the movie, I found that the disc was severely scratched and skipped in multiple places, making it impossible to enjoy the film. I had to return it early, but the experience was quite frustrating.

Could you please advise on what steps can be taken to resolve this? Perhaps a credit for a future rental or a refund for the amount paid ($2.99)? I understand these things can happen, but it was certainly a disappointing experience.

Thank you for your time and consideration.

Sincerely,
Austin Cintron",2026-01-24 19:53:38
69,MAE FLETCHER,MAE.FLETCHER@live.com,Music movies?,"Hey there, just wondering if you have a decent collection of music-related movies. I'm a big fan of musicals and documentaries about bands. Do you have anything like ""WORDS HUNTER"" or other films in the 'Music' category? Let me know what's available. Thanks!",2026-01-13 13:44:48
70,STEVEN CURLEY,STEVEN.CURLEY@example.com,Late Fee Policy,"Hi,

I have a question about late fees. How are they calculated? And what's the grace period, if any?

Thanks,
Steven Curley",2025-12-29 22:42:09
71,JAMIE RICE,JAMIE.RICE@hotmail.com,Film availability,Is PLUTO OLEANDER in stock?,2025-12-11 14:16:05
72,KATHERINE RIVERA,KATHERINE.RIVERA@gmail.com,Account check,My account says something is wrong. Is it active? I dont know why it says that. Can you look at it?,2026-01-02 23:12:13
73,MIKE WAY,MIKE.WAY@yahoo.com,Request to Close MediaVault Account,"Hello MediaVault Team,

I'm writing today to request the closure of my MediaVault account. I've been a loyal customer for quite some time, and really enjoyed renting films from you guys, especially those classic sci-fi flicks. My kids are grown now though, and honestly, with all the streaming services, we just don't rent physical media much anymore. It's a bit sad, like the end of an era, but it's time.

Could you please guide me through the process of closing my account? I just want to make sure there are no outstanding rentals or fees before it's finalized. Also, if there's any account history I should be aware of or save, please let me know. 

Thanks for all the great movies over the years.

Regards,
Mike Way",2025-12-23 03:06:02
74,RENEE LANE,RENEE.LANE@aol.com,Request to Delete All Personal Data,"I want all my personal data deleted from your systems. Immediately. This means my account, my rental history, my payment information, everything. I no longer wish for MediaVault to hold any information pertaining to me.

Confirm when this has been completed.",2026-02-01 14:44:14
75,TODD TAN,TODD.TAN@outlook.com,Late Fee for Stagecoach Armageddon,"To Whom It May Concern,

I just received an email about an overdue film, ""STAGECOACH ARMAGEDDON,"" and a potential late fee. I am quite certain I returned this film several days ago. Your system states it's 6 days out, but I distinctly remember dropping it in the return slot on time.

Could you please look into this? I'd appreciate it if you could verify the return date before any charges are applied. I've always made sure to return my rentals promptly.

Thank you for your assistance.

Sincerely,
Todd Tan",2025-12-04 00:59:18
76,WILLIE MARKHAM,WILLIE.MARKHAM@icloud.com,Children movies,"Are there any new children's films in stock? My kids have watched 'FURY MURDER' and 'STRANGER STRANGERS' too many times, we need something fresh for them. Please let me know what's available in that category.",2026-02-16 16:30:21
77,MIKE WAY,MIKE.WAY@protonmail.com,General Feedback,Solid service. Always find what I need.,2026-01-08 04:14:48
78,LARRY THRASHER,LARRY.THRASHER@mail.com,Persistent Billing Error - Final Warning Before Legal Action,"This is the third time I've contacted you about the incorrect charge of $4.99 on my account from two months ago. Each time I am assured it will be resolved, and each time the charge reappears or a new, equally incorrect charge takes its place. I have provided transaction IDs and screenshots. This is beyond frustrating and borders on fraudulent billing practices.

Be advised: if this specific $4.99 charge, and any other associated incorrect charges, are not permanently removed and a clear explanation provided within 72 hours, I will consider this matter unresolved and will proceed with formal complaints to consumer protection agencies and consult an attorney regarding a small claims court filing. This is my final attempt at a polite resolution.",2025-12-17 06:37:16
79,NATHAN RUNYON,NATHAN.RUNYON@live.com,YOUR PRICES ARE GETTING OUT OF HAND,"Look I like MediaVault, I really do. You got some good films and the staff are mostly helpful. BUT WHAT IS GOING ON WITH YOUR RENTAL FEES LATELY? I swear every time I go to rent something it's more expensive than the last time. It's getting ridiculous! How am I supposed to afford renting all the films I want when you keep hiking up the prices? I might as well just buy them! THIS IS NOT FAIR TO LOYAL CUSTOMERS. You need to fix this or I'm taking my business elsewhere, there's other options you know! GET IT TOGETHER!",2026-01-17 19:21:09
80,NINA SOTO,NINA.SOTO@example.com,Checking on my MediaVault account,"Good morning,

I hope you're having a good day. I'm writing because I just wanted to quickly check on my MediaVault account. Everything seems fine on my end when I log in, but I thought it would be prudent to just confirm with customer service that my account is in good standing, with no issues or pending matters. I'm not expecting anything specific, just a general check-up.

Thank you for your time and assistance.

Best regards,
Nina Soto",2025-12-27 19:26:25
81,NORMA GONZALES,NORMA.GONZALES@hotmail.com,New Movies,"Hi, just wondering what new releases you have? I saw something called ""BOULEVARD MOB"" listed as a new movie, is that available to rent now? I'm always looking for something fresh to watch. Let me know when you can.
Thanks, Norma.",2025-12-13 22:29:45
82,MORRIS MCCARTER,MORRIS.MCCARTER@gmail.com,THIS IS ABSOLUTELY UNACCEPTABLE - DID NOT RENT ISHTAR ROCKETEER!!!,"I AM LOOKING AT MY STATEMENT RIGHT NOW AND THERE IS A CHARGE FOR $8.99 FOR 'ISHTAR ROCKETEER'. WHAT THE HELL IS THIS?! I DID NOT RENT THIS MOVIE. I REPEAT, I DID NOT RENT 'ISHTAR ROCKETEER'. THIS IS FRAUD. THIS IS THE SECOND TIME SOMETHING LIKE THIS HAS HAPPENED AND I AM FED UP!

YOU NEED TO REMOVE THIS CHARGE IMMEDIATELY AND EXPLAIN HOW THIS HAPPENED. WHO IS ACCESSING MY ACCOUNT? IS YOUR SYSTEM SECURE AT ALL? I AM FURIOUS. FIX THIS NOW OR I WILL CANCEL MY ACCOUNT AND MAKE SURE EVERYONE KNOWS ABOUT YOUR TERRIBLE SECURITY. THIS IS NOT A GAME, MEDIASERV. I EXPECT A RESPONSE AND A RESOLUTION WITHIN THE HOUR.",2025-12-14 21:17:36
83,ANNETTE OLSON,ANNETTE.OLSON@yahoo.com,Wrong movie in case?,"Hi, I rented 'FIDELITY DEVIL' from Store 1 around July 12th. When I got home, the disc inside the case was for a completely different movie, some old documentary. What should I do? I returned the case with the wrong disc in it already. I didn't get to watch what I wanted.",2026-02-06 09:04:50
84,DANNY ISOM,DANNY.ISOM@aol.com,THIS LATE FEE IS WRONG FOR SEABISCUIT PUNK,I GOT A CHARGE FOR SEABISCUIT PUNK BEING LATE. I RETURNED THAT MOVIE ON TIME. I PUT IT IN THE DROP BOX ON THE RIGHT DAY. I DONT KNOW WHY I GOT THIS FEE. IM NOT PAYING FOR IT. CHECK YOUR SYSTEM AGAIN. THIS IS RIDICULOUS.,2026-02-19 18:33:00
85,BRETT CORNWELL,BRETT.CORNWELL@outlook.com,New Releases?,Are 'EARTH VISION' and 'DAY UNFAITHFUL' still considered new releases? What other new films do you have available now?,2025-12-25 01:46:05
86,ANNETTE OLSON,ANNETTE.OLSON@icloud.com,Defective Rental - Unacceptable!,"I am writing to express my extreme disappointment with my most recent rental from your Store 1 location. The disc I rented was so badly scratched that it skipped and froze multiple times, making it impossible to watch the film from beginning to end. This is not the first time I've encountered a damaged disc from MediaVault, but this was by far the worst.

I expect to receive a working product when I pay for a rental. This is completely unacceptable. What are you going to do about this? I wasted my evening trying to watch a broken movie.",2025-12-17 07:00:18
87,RAFAEL ABNEY,RAFAEL.ABNEY@protonmail.com,WHAT IS WRONG WITH YOUR LATE FEES?!,"I cannot BELIEVE the late fee you hit me with for ""CHOCOLAT HARRY""! Seriously? EIGHT DAYS? I returned it as soon as I could, it's not my fault life happens. Your fees are absolutely ridiculous and you're just trying to rip people off. This is COMPLETELY UNFAIR. I expect this to be looked into immediately and adjusted. This is highway robbery!",2026-01-30 03:09:23
88,LYNN PAYNE,LYNN.PAYNE@mail.com,Complaint about staff member Mike Hillyer at Store 1,"I'm writing to complain about one of your employees, Mike Hillyer, at Store 1. I was in there yesterday, around 3 PM, trying to figure out why my last rental kept buffering. He was so dismissive, barely even looked at me when I was talking. He kept muttering about 'user error' and acted like I was wasting his time. I've been coming to that store for years, and I've never been treated so rudely by anyone. I expect better customer service than this. He needs to learn some manners. I want someone to actually do something about this.",2026-02-13 10:41:46
89,ELIZABETH BROWN,ELIZABETH.BROWN@live.com,Account Balance Inquiry,"Could you please tell me what my current outstanding balance is with MediaVault? Thank you.

Elizabeth Brown",2026-01-28 22:03:15
90,SARAH LEWIS,SARAH.LEWIS@example.com,Unauthorized charge,"I have an unfamiliar charge on my card from MediaVault for $7.99. I haven't rented anything recently. Please identify this charge or reverse it immediately. My account is Sarah Lewis.

Thanks.",2026-01-23 00:11:49
91,RAUL FORTIER,RAUL.FORTIER@hotmail.com,Regarding my MediaVault Membership Tier,"Good day,

I trust this email finds you well. I'm writing today with a query regarding my MediaVault membership. I've been a loyal customer for quite some time now, and I've always appreciated the selection of films available. Recently, I've been considering utilizing the service more frequently, and I was wondering if you could provide me with details about my current membership level. I'm curious if there are different tiers, and if so, what benefits might be associated with them, and perhaps what I would need to do to potentially upgrade. Any information you could provide on this would be greatly appreciated as I try to make the most of my subscription.

Thank you for your time and assistance.

Sincerely,
Raul Fortier",2025-12-17 21:02:46
92,AMY LOPEZ,AMY.LOPEZ@gmail.com,Wrong Film in Case for LOCK REAR,"Dear MediaVault Customer Service,

I rented the film ""LOCK REAR"" from your Store 1 location on July 12, 2005. When I got home and opened the case, it wasn't ""LOCK REAR"" inside! It was some nature documentary I've never heard of. I was really looking forward to watching my chosen movie.

This was quite frustrating as I had to make an extra trip to return the incorrect disc, and I didn't get to watch what I intended. Can you please advise on how this can be rectified? I'd appreciate a refund or a credit for my trouble.

Thank you,
Amy Lopez",2026-02-11 17:24:51
93,HERMAN DEVORE,HERMAN.DEVORE@yahoo.com,Comedy Recs?,Looking for some good comedy films. Something like 'PARADISE SABRINA' or 'HEDWIG ALTER'. What do you suggest?,2025-12-15 19:14:29
94,HEATHER MORRIS,HEATHER.MORRIS@aol.com,"Inquiry about ""PARADISE SABRINA""","Dear MediaVault,

I hope this email finds you well. I was wondering if you currently have the film ""PARADISE SABRINA"" available for rental at your store. I've been hoping to watch it soon.

Thank you for your time and assistance.

Sincerely,
Heather Morris",2025-12-03 23:07:00
95,JOSEPHINE GOMEZ,JOSEPHINE.GOMEZ@outlook.com,BILL MISTAKE GRACELAND DYNAMITE,"hey i got a bill here and it says i owe $8.99 for the movie GRACELAND DYNAMITE. but i remember the sign saying it was like 4.99 to rent that one. why did i get charged so much more? i rented it on like august 17th and brought it back before the month was out. this seems like a real big mistake and im not paying that much when it said a different price. i want to get this fixed up on my bill or ill cancel everything.

Josephine Gomez",2026-01-16 04:42:56
96,NATALIE MEYER,NATALIE.MEYER@icloud.com,Unpleasant experience at Store 1,"I visited your Store 1 location yesterday evening, around 6 PM, and was quite disappointed by the interaction I had with one of your staff members. I had a simple question about a membership discount, and the person at the counter was quite abrupt and unhelpful, making me feel like an inconvenience. I understand people have bad days, but a basic level of customer service should always be maintained. It left a very poor impression.",2025-12-09 20:39:31
97,ELSIE KELLEY,ELSIE.KELLEY@protonmail.com,that jon at store 2 is a problem,i went into store 2 today cause my thing was not working right. that jon stephens guy he was SO RUDE to me. just real snotty acting like im dumb. i dont like how he treats customers. this isnt the first time either he always got an attitude. i just want to watch my movies and not be treated like dirt. you need to talk to him or something cause i cant stand him. i shouldnt have to deal with that from your employees. just wanted to make sure someone knows. this a serious problem,2026-02-18 23:41:16
98,AARON SELBY,AARON.SELBY@mail.com,UNWATCHABLE DISC - SWEDEN SHINING,"I rented 'SWEDEN SHINING' from your Store 2 and it was completely unwatchable! The disc was so scratched it wouldn't even load past the menu screen. What am I paying for?! I wasted my time driving to your store, then wasted my evening trying to get this garbage to play. This is absolutely unacceptable. I want a refund and a free rental for my trouble. You need to check your discs before you rent them out to people!",2026-01-31 12:58:58
99,HERBERT KRUGER,HERBERT.KRUGER@live.com,"Just a thought about the store in general, you know.","Hey MediaVault,

I just wanted to send a quick email about my last couple of visits to your Store 2. I feel like every time I go in there now, the lines are so long, and it takes forever to rent a movie. And then, when I finally get to the front, the selection of new releases is always so sparse. I understand popular movies go fast, but it feels like there's never anything good left by the time I get there, even early in the day.

It's getting really frustrating, you know? I like renting movies, but the whole experience is just becoming a bit of a drag. Maybe you could stock more copies or something? Just a suggestion.

Thanks,
Herbert K.",2025-12-31 21:27:53
100,MILDRED BAILEY,MILDRED.BAILEY@example.com,Please close my late husband's account,"Dear MediaVault Support,

I'm writing to you with a heavy heart. My husband, Robert Bailey, passed away last month. He was a big fan of your service, always renting movies like 'BOOGIE AMELIE' and others. It's been incredibly difficult for me, and I'm just trying to tie up loose ends and manage his affairs.

Could you please help me close his MediaVault account? His email was Robert.Bailey@sakilacustomer.org. I don't have his password, but I can provide a copy of his death certificate or any other documentation you might need to confirm. It's just too painful to see the statements, and I know he wouldn't want the account sitting open. I would be so grateful if you could handle this with sensitivity and guide me through the process. Thank you for your understanding during this difficult time.",2026-01-21 21:08:02
101,TAMARA NGUYEN,TAMARA.NGUYEN@hotmail.com,Duplicate Billing for FLATLINERS KILLER,"Hello MediaVault customer service team,

I am confused because my bank statement shows I was charged twice for the movie 'FLATLINERS KILLER'. Both charges are for $2.99 and seem to be from July 12, 2005. I definitely only rented it once. Could you please look into this for me and refund the duplicate charge? It's a bit frustrating when things like this happen and I don't want to be paying for movies I only watched once you know? Just makes me a bit hesitant to use your service again if billing isn't correct. Thanks for your help with this.

Sincerely,
Tamara Nguyen",2025-12-16 10:14:19
102,CHRISTINE ROBERTS,CHRISTINE.ROBERTS@gmail.com,Sci-Fi Film Recommendations,"Hello MediaVault,

I'm a big fan of science fiction films and was hoping you could offer some recommendations. I've already seen 'BARBARELLA STREETCAR' multiple times and loved it, so anything similar in tone or just generally good Sci-Fi would be fantastic. Are there any hidden gems in your collection I should know about, perhaps something less mainstream but still compelling? I'm open to anything within the Sci-Fi genre. Thanks!",2026-01-16 08:46:18
103,KENNETH GOODEN,KENNETH.GOODEN@yahoo.com,My membership level?,"Hello MediaVault, can you tell me what membership level I am? Am I like a silver or gold member or something? I don't really understand how it works.",2025-12-21 02:56:25
104,MIKE WAY,MIKE.WAY@aol.com,Complaint about staff attitude at Store 1,"Dear MediaVault Management,

I am writing to report an unpleasant experience I had at your Store 1 location earlier today. While I understand that retail can be a demanding environment, the employee who assisted me at the counter was quite rude and unhelpful.

I had a simple question about a new release, and I was met with short, dismissive answers and a general attitude that made me feel like I was an inconvenience. This is not the level of customer service I expect from MediaVault, and it certainly detracted from my visit.

I hope you will address this with your team. Good customer service is key to retaining patrons.

Sincerely,
Mike Way",2026-01-23 00:28:44
105,DOROTHY TAYLOR,DOROTHY.TAYLOR@outlook.com,Request for Recent Transaction History,"To Whom It May Concern,

I am writing to formally request a copy of my recent transaction history for my MediaVault account. I require this information for personal record-keeping purposes.

Please provide a detailed list of all rentals, purchases, and any associated fees or payments from the past three months. If there is a specific procedure I need to follow to obtain this, kindly advise. I would prefer this information to be sent to the email address on file.

Thank you for your prompt attention to this matter.

Sincerely,
Dorothy Taylor",2025-12-21 01:19:45
106,DEBORAH WALKER,DEBORAH.WALKER@icloud.com,Double Charge: RUSHMORE MERMAID,"I was charged $2.99 twice for 'RUSHMORE MERMAID' on July 29, 2005. Please refund one of the charges.",2026-01-08 14:24:42
107,JAMIE RICE,JAMIE.RICE@protonmail.com,Account Balance Inquiry,"Dear MediaVault,

Could you please provide me with my current account balance? I would like to ensure all my payments are up to date.

Regards,
Jamie Rice",2025-11-27 23:33:46
108,LOUIS LEONE,LOUIS.LEONE@mail.com,Inquiry about CADDYSHACK JEDI late fee,"Dear MediaVault,

I received a statement indicating a late fee for the rental of 'CADDYSHACK JEDI'. It says I was late by 1 day. Could you please provide the exact return date you have on record? I thought I had returned it within the rental period, so I'd like to clarify this charge of $3.99.

Thank you for your assistance.
Louis Leone",2025-11-29 23:11:43
109,TAMMY SANDERS,TAMMY.SANDERS@live.com,THIS IS UNACCEPTABLE! DEMANDING IMMEDIATE FULL REFUND AND COMPENSATION!,"I am absolutely LIVID! For a loyal customer like myself, who has rented over 1600 films and spent THOUSANDS of dollars with MediaVault, to be treated this way is beyond insulting. Last night, I tried to watch 'THE GODFATHER PART II' (which I have rented many times before), and your system completely froze halfway through. Not just once, but THREE times! I missed the crucial ending, my family evening was RUINED, and I spent over an hour trying to troubleshoot your broken service! 

I DEMAND a full refund for my entire month's subscription, not just the rental. Furthermore, I expect significant compensation for the wasted time, the emotional distress, and the sheer incompetence your platform displayed. If I don't see a substantial credit on my account and a personal apology from management, I will not only cancel my account but I will also take my story to every local news outlet and consumer protection agency I can find. You have until the end of the day to make this right!",2026-02-14 07:45:35
110,NELSON CHRISTENSON,NELSON.CHRISTENSON@example.com,Account Balance Inquiry,"To whom it may concern,

I would like to inquire about my current account balance with MediaVault. I haven't rented anything recently and just wanted to ensure there are no outstanding charges or unexpected fees on my account. Could you please provide a statement or confirm my balance is zero?

Thank you for your time.

Regards,
Nelson Christenson",2025-12-25 14:11:26
111,BRENDA WRIGHT,BRENDA.WRIGHT@hotmail.com,Film selection at Store 2,"Seriously disappointed with the movie selection at your Store 2. Every time I go in there, it's the same old stuff. Where are the new releases? Or even just some decent variety? It's like you don't even try to keep it fresh. Getting really tired of it.",2026-02-03 03:58:49
112,JIMMIE EGGLESTON,JIMMIE.EGGLESTON@gmail.com,Snatchers,Is snatchers montezuma in the store. Need to rent it.,2026-01-02 03:30:05
113,AMY LOPEZ,AMY.LOPEZ@yahoo.com,Dispute on 'LOCK REAR' Rental,"Dear MediaVault Billing Department,

I am writing to formally dispute a charge of $2.99 for the film 'LOCK REAR' that appears on my statement with a rental date of July 11, 2005. While I did rent 'LOCK REAR' recently, my records indicate the rental took place on July 12, 2005, and was returned promptly the following day. I believe this charge may be an error, or possibly a double charge if there's another transaction around that date. Could you please review my account history for any anomalies around these dates and clarify why this particular charge appears as it does? I value your service and want to resolve this quickly.

Best regards,
Amy Lopez",2026-02-25 11:15:33
114,CLARA SHAW,CLARA.SHAW@aol.com,Request for Complete Data Erasure - GDPR Compliance,"Dear MediaVault Data Protection Officer,

I am writing to formally request the complete erasure of all my personal data held by MediaVault, in accordance with my rights under the General Data Protection Regulation (GDPR) and similar privacy laws. This includes, but is not limited to, my account details, rental history, payment information, communications, and any other data associated with my identity (Clara Shaw, clara.shaw@sakilacustomer.org).

I understand that certain transactional data may need to be retained for legal or accounting purposes, but I insist that all personally identifiable information linked to these records be anonymized or pseudonymized where absolutely necessary, and permanently deleted otherwise. I no longer wish for MediaVault to process or store any data that can identify me.

Please confirm, in writing, once this process has been completed and provide details of the steps taken to fulfill this request. I expect this to be actioned promptly and without undue delay. My account should be fully closed and all data expunged.",2026-01-09 20:02:07
115,LISA ANDERSON,LISA.ANDERSON@outlook.com,Inquiry Regarding Late Fee for GORGEOUS BINGO,"Dear MediaVault Billing Department,

I am writing to understand a late fee applied to my account for the film 'GORGEOUS BINGO'. My records indicate this film was due back within the standard rental period. The charge indicates I was late by 3 days, resulting in a $6.99 fee. Could you please provide clarification on the exact return date recorded on your system for this rental? I wish to verify the accuracy of this charge.

Thank you for your assistance.
Sincerely,
Lisa Anderson",2025-12-28 23:52:01
116,VALERIE BLACK,VALERIE.BLACK@icloud.com,"Address Change, a bit complicated...","Oh my goodness, where do I even begin? So, I've lived at my current address, 123 Main Street, for what feels like forever, and all my MediaVault rentals and everything have always gone there. But, wouldn't you know it, my sister is moving out of state to take care of our aunt, and she asked me to come stay with her for a while, at least for a few months, maybe longer if things work out. So I'm temporarily moving to her place. It's 456 Oak Avenue, Apt B, Springfield, IL 62704. I'll still be able to rent movies from your service, of course, because I have my laptop and everything, but I just want to make sure if anything needs to be sent by mail, or if there's any communication, that it goes to this new temporary address. I'm not sure if I'll be back at Main Street permanently, it's all up in the air really. Can you please update my address for now? I'll let you know if I move back or permanently to the new place. Thanks so much for your understanding, this whole moving thing is a bit stressful!",2026-01-28 11:08:16
117,JILL HAWKINS,JILL.HAWKINS@protonmail.com,Unauthorized Rental on my account - WESTWARD SEABISCUIT?,"Hello,

I just received an email notification for a rental of 'WESTWARD SEABISCUIT' for $0.99. I absolutely did not rent this film. I haven't even logged into my account in weeks. This looks like someone else has gained access to my account or there's been some kind of mistake.

Could you please investigate this immediately? I'm worried about my account security and if there are any other unauthorized charges. Please reverse this charge and tell me how this happened. I need to know my account is safe.",2026-01-25 18:29:19
118,SEAN DOUGLASS,SEAN.DOUGLASS@mail.com,Film I heard about - like a doc but intense?,"Hey MediaVault,

Heard about a film from a buddy the other day. He said it was like a documentary, but super intense, maybe a bit dark? He couldn't remember the name, but he said it made him think a lot. Something about it being pretty thought-provoking, not like a normal light watch. You guys have anything like that? I know you got 'POCUS PULP' listed as a documentary, is that the kind of thing he might be talking about? Or something similar in that vein? Let me know if anything comes to mind. Cheers.",2026-02-17 17:39:57
119,ADRIAN CLARY,ADRIAN.CLARY@live.com,Delete my data,"I want all my data deleted. Everything. My account, my rentals, my info. Everything you have on me. Delete it. Permanently. And confirm when it's done. Don't just deactivate it, delete it. NOW.",2025-12-31 06:48:57
120,LUCILLE HOLMES,LUCILLE.HOLMES@example.com,A little confused about my bill,"Oh my goodness, hello there.

I was just looking at my bank statement, and I saw a charge from MediaVault for $5.99. Now, I do remember renting 'FICTION CHRISTMAS' a while back, but I thought I'd paid for it already, or at least it wasn't that much. It says something about being 'late by 3 days' but I'm really not sure what that means. Could you perhaps explain it to me? I just want to make sure I'm not paying for something I shouldn't be. My memory isn't what it used to be, you see, so any help understanding this would be grand.

Thank you ever so much,
Lucille Holmes",2026-01-01 11:31:00
121,ELIZABETH BROWN,ELIZABETH.BROWN@hotmail.com,Query Regarding Film Recommendations for Family Viewing,"Dear MediaVault Team,

I hope this email finds you well. My family and I are planning a movie night this weekend, and we are hoping to rent something suitable for all ages. We particularly enjoy heartwarming stories and films that are appropriate for children.

Could you please provide some recommendations from your collection? We are open to anything in the 'Family' or 'Children' categories, perhaps something like ""BLOOD ARGONAUTS"" or even ""SUNDANCE INVASION"" if you think it fits. We'd appreciate any suggestions you might have to make our evening special.

Thank you for your time and assistance.

Sincerely,
Elizabeth Brown",2026-01-28 23:51:14
122,BRENDA WRIGHT,BRENDA.WRIGHT@gmail.com,Frustration with MediaVault service,"Seriously, what is going on with MediaVault lately? Every time I go to one of your branches, it's a hassle. Either the movie I want isn't in stock, or the self-service kiosks are broken, or there's only one person at the counter and the line is out the door. It used to be so easy to rent movies, but now it feels like a chore.

I'm getting really fed up. I pay for a service, and I expect it to be reliable and convenient. This isn't just about one bad experience; it's a pattern. Please do something to improve things, or you're going to lose loyal customers like me. It's just not worth the trouble anymore.",2026-02-08 20:43:50
123,DARRYL ASHCRAFT,DARRYL.ASHCRAFT@yahoo.com,account status??,"is my account still active or what. i tried to log in and it didnt work. need to know whats goin on.

darryl",2025-12-27 02:43:12
124,CHRISTIAN JUNG,CHRISTIAN.JUNG@aol.com,IDAHO LOVE Disc Problem,"Hi there,

I'm writing about a film I rented recently, ""IDAHO LOVE."" I picked it up from Store 1 on July 30th, 2005. When I tried to watch it, the disc kept freezing and skipping, especially around the middle of the movie. It was impossible to finish it properly.

I've rented from MediaVault many times and usually don't have issues, but this disc was clearly faulty. I returned it on August 5th, but I feel I didn't get to enjoy the movie I paid for. Can anything be done about this? A credit for a future rental would be appreciated.

Thanks,
Christian Jung",2026-01-21 15:59:39
125,CHAD CARBONE,CHAD.CARBONE@outlook.com,Membership Level Inquiry,What is my current membership level with MediaVault?,2026-02-06 09:35:16
126,MAE FLETCHER,MAE.FLETCHER@icloud.com,Change of Address for My MediaVault Account,"Dear MediaVault Customer Service,

I am writing to request an update to my residential address associated with my account. I recently moved and need to ensure all my details are current. My old address was 123 Old Street, Anytown, and my new address is 456 New Avenue, Otherplace, CA 90210.

Please confirm once this change has been processed. Thank you for your assistance.

Sincerely,
Mae Fletcher",2025-12-11 06:11:03
127,CATHERINE CAMPBELL,CATHERINE.CAMPBELL@protonmail.com,Recommendations for a relaxing evening,"Good morning, MediaVault!

I'm writing to kindly inquire about some film recommendations. I'm hoping to find something light and enjoyable for a quiet evening in, perhaps something in the 'Travel' category to inspire future adventures, or a good 'Comedy' that will genuinely make me laugh.

I've seen ""EXPECATIONS NATURAL"" before and quite enjoyed the scenery, so anything similar would be wonderful. Also, do you have ""PURE RUNNER"" available? I've heard good things about it and could really use a laugh.

Thank you so much for your time and help in selecting a perfect film. I truly appreciate your assistance!

Best regards,
Catherine Campbell",2026-02-18 19:18:19
128,KENNETH GOODEN,KENNETH.GOODEN@mail.com,Complaint about Jon Stephens at Store 2,"Hey, I was in your Store 2 yesterday afternoon and I had a real bad experience with one of your staff, Jon Stephens. He was super rude when I asked about a movie. He acted like I was stupid for not knowing something that was clearly not obvious. His attitude was completely out of line. I think you need to talk to him about how he treats customers. I'm pretty annoyed about it and might just take my business somewhere else if this is how your people act.",2025-11-29 09:40:18
129,HOWARD FORTNER,HOWARD.FORTNER@live.com,Truly Outstanding MediaVault Experience!,"Oh my goodness, I simply must convey my utmost gratitude and satisfaction with the MediaVault service! From the moment I first became a patron, I have been consistently delighted by the magnificent selection of cinematic treasures you offer. Furthermore, the ease with which one can rent and return films is simply unparalleled in today's fast-paced world. Every interaction, whether at your esteemed Store 1 or through your marvelous online portal, has been nothing short of exemplary. The staff are always so incredibly obliging and possess such a cheerful demeanor that it truly brightens one's day. Thank you, MediaVault, for providing such a splendid and truly enjoyable entertainment service! You are, without a shadow of a doubt, a cherished part of my weekly routine.",2025-12-07 09:53:16
130,RAFAEL ABNEY,RAFAEL.ABNEY@example.com,WHY WAS I CHARGED $3.99 FOR CHOCOLAT HARRY?!?!?!,"WHAT IS GOING ON WITH MY BILLING? I RENTED ""CHOCOLAT HARRY"" ON AUGUST 20TH, 2005, AND THE RATE WAS SUPPOSED TO BE $0.99!!! WHY DID I GET CHARGED $3.99? THIS IS RIDICULOUS. I WANT MY MONEY BACK. FIX THIS NOW. THE ADVERTISED RATE WAS 99 CENTS. NOT ALMOST FOUR BUCKS. THIS IS A SCAM. I AM NOT HAPPY WITH THIS SERVICE. REFUND ME THE DIFFERENCE OR I'M CANCELING MY MEMBERSHIP.",2026-02-09 12:17:30
131,KENNETH GOODEN,KENNETH.GOODEN@hotmail.com,Feedback on Montezuma Command film,So I rented Montezuma Command a few days ago you know the one the action movie I thought it would be a good time you know some explosions and all that but man oh man that movie was just too much for me. Too violent to much swearing honestly my head hurt afterwards and it wasnt even like a good story just constant fighting I dont even think I finished it all the way. Maybe next time I should stick to the PG-13 stuff. Just thought you should know.,2026-02-22 07:23:17
132,KENNETH GOODEN,KENNETH.GOODEN@gmail.com,WHAT THE HECK IS GOING ON WITH YOUR RATINGS???,I RENTED 'TIES HUNGER' FOR MY KIDS THINKING IT WAS A CHILDRENS MOVIE BECAUSE IT WAS LISTED UNDER THAT CATEGORY AND THEN WE START WATCHING IT AND ITS RATED R! A RATED R CHILDRENS MOVIE??? WHAT KIND OF COMPANY DOES THIS? MY KIDS SAW THINGS THEY SHOULD NOT HAVE SEEN AND I AM COMPLETELY OUTRAGED. THIS IS UNACCEPTABLE AND MISLEADING AND YOUR STORE EMPLOYEES AT STORE 2 SAID NOTHING WHEN I ASKED FOR SOMETHING FOR THE WHOLE FAMILY. YOU NEED TO FIX YOUR CATEGORIES AND YOUR STAFF TRAINING IMMEDIATELY BEFORE SOMEONE ELSE HAS TO GO THROUGH THIS. THIS IS A WARNING. I AM VERY UNHAPPY.,2026-01-23 04:39:47
133,JESUS MCCARTNEY,JESUS.MCCARTNEY@yahoo.com,Statement Request and Balance Inquiry,"Dear MediaVault Customer Service,

I am writing to request a detailed statement of my account activity for the past three months. I have not received a recent statement and would like to confirm my current balance and review all charges. Please send this information to the email address on file.

Thank you for your prompt attention to this matter.

Sincerely,
Jesus McCartney",2025-12-23 13:04:20
134,RAFAEL ABNEY,RAFAEL.ABNEY@aol.com,A Most Humble Inquiry Regarding Children's and Animation Films,"Greetings, most esteemed MediaVault team,

I trust this electronic missive finds you in excellent spirits and that your day is proceeding with utmost efficiency. I am writing to you today with a rather earnest and perhaps slightly lengthy request, for which I humbly beg your patience. My delightful little nieces and nephews are visiting me next week, and I am endeavoring to curate a most wholesome and entertaining viewing experience for them during their stay. 

I recall with great fondness several charming films from your 'Children' and 'Animation' categories, such as 'SCARFACE BANG' and 'POND SEATTLE', which have always brought immense joy to the youngsters. I was wondering, with the greatest respect, if you might be so kind as to inform me of the current availability of films within these categories? Specifically, I am keen to discover if there have been any delightful new additions suitable for the younger audience, or if your existing stock in these areas is particularly robust at present. It would be an immeasurable help to me in planning their entertainment, as I do wish to provide them with the very best of your cinematic offerings.

Any guidance or lists you could furnish would be received with the utmost gratitude and appreciation. Thank you, from the very bottom of my heart, for your invaluable time and consideration of my humble plea. May your day be as splendid as the films you provide.

With profoundest regards and anticipatory thanks,
Rafael Abney",2026-02-17 22:12:26
135,STEPHEN QUALLS,STEPHEN.QUALLS@outlook.com,FRAUDULENT RENTALS ON MY ACCOUNT - DID NOT RENT FROGMEN BREAKING OR OTHERS!,I just checked my account and there are rentals on there I DID NOT MAKE. It says I rented 'FROGMEN BREAKING' for 0.99 but I SWEAR I didn't. And that's not the only one! I saw a few others from the last week that aren't mine either. What is going on?! Is someone else using my account? Is my card information safe? I need someone to call me RIGHT AWAY about this. This is terrifying. Please lock my account and investigate. I don't want any more unauthorized charges.,2025-12-13 05:29:25
136,BRYAN HARDISON,BRYAN.HARDISON@icloud.com,Regarding recent rental and personal difficulties,"Hey MediaVault,

I hope you can help me out. I rented 'CINCINATTI WHISPERER' a few days ago, and honestly, things have been really tough for me lately. I just lost my job, and my wife had to go into the hospital unexpectedly. I’m really struggling financially right now, and every dollar counts. I know it's only $6.99, but I was hoping you might be able to offer a refund for the rental, or at least a credit, given my current situation. It would honestly make a big difference right now. I've always enjoyed your service and I'm not usually one to ask for things like this, but I'm truly in a difficult spot. Please let me know if there's anything you can do to assist. Thank you for your time and understanding.",2025-12-12 08:39:06
137,DENNIS GILMAN,DENNIS.GILMAN@protonmail.com,FRAUDULENT CHARGE: PAST SUICIDES - I DID NOT RENT THIS!,"I am absolutely furious. I just got an alert from my bank about a $4.99 charge from MediaVault for a movie called 'PAST SUICIDES'. I HAVE NEVER HEARD OF THIS MOVIE, let alone rented it. This is clearly a fraudulent charge. Someone has accessed my account or my payment information. This is unacceptable! I need this investigated IMMEDIATELY and the charge reversed. My account security has been breached, and I expect an explanation and reassurance that this will not happen again. I'm going to report this to my bank as fraud if you don't handle it promptly.",2025-12-25 13:05:00
138,BRETT CORNWELL,BRETT.CORNWELL@mail.com,Feedback on your Store 1 film selection,"Good morning,

I'm a regular customer at your Store 1 location, and while I generally enjoy the service, I've noticed a consistent issue with the variety of films available. It seems like the new release section is always dominated by action movies or blockbusters, with very little in the way of independent films, foreign cinema, or even a good selection of classic dramas.

I understand these might be niche markets, but it would be wonderful to see a broader range of options. Sometimes it feels like there's nothing new or interesting for me to rent. Perhaps you could consider allocating a small section to these genres or rotating the less mainstream titles more frequently? Just a thought from a customer who appreciates good film.

Thank you,
Brett Cornwell",2026-02-16 19:01:39
139,DANNY ISOM,DANNY.ISOM@live.com,Handicap Boondock availibilty,"Hey, just wanted to check if you have ""HANDICAP BOONDOCK"" in stock at your store? Looking to rent it soon. Thanks.",2026-01-26 08:17:29
140,PENNY NEAL,PENNY.NEAL@example.com,Great Rental Experience!,"Hi MediaVault!

I just wanted to say how much I appreciate how easy it is to rent films from your Store 1 location. The self-service kiosks are always working, and I never have trouble finding something good to watch. It makes spontaneous movie nights super simple. Thanks for providing such a convenient service!",2026-02-19 05:45:19
141,CLIFFORD BOWENS,CLIFFORD.BOWENS@hotmail.com,Suggestion for Store 1 Layout,"To Whom It May Concern,

I frequently visit your Store 1 location and generally have a positive experience. However, I've noticed that the 'New Releases' section can sometimes feel a bit cramped, especially on weekends. It might be helpful to consider expanding this area or reconfiguring the shelving to allow for better flow of traffic. I've seen customers struggle to browse effectively when it's busy, and I believe a small adjustment could significantly improve the shopping experience for everyone.

Thank you for your time.

Regards,
Clifford Bowens",2026-02-15 22:15:07
142,JIMMY SCHRADER,JIMMY.SCHRADER@gmail.com,Unauthorized charge on my account - VOLCANO TEXAS,I just checked my bank statement and saw a charge for $0.99 from MediaVault for a film called 'VOLCANO TEXAS'. I absolutely did not rent this movie. My account must have been compromised or there's a serious error on your end. This is completely unauthorized. Please investigate this immediately and reverse the charge. I'm worried about other activity on my account.,2026-01-10 11:41:00
143,JOSEPHINE GOMEZ,JOSEPHINE.GOMEZ@yahoo.com,RE: Overdue notice for BACKLASH UNDEFEATED,"I got your notice about 'BACKLASH UNDEFEATED' being 8 days overdue. I've been really busy with work and just haven't had a chance to get back to the store. I'll get it returned as soon as I can, but I'm a bit worried about the amount building up. Is there anything that can be done for long-time customers who just forget sometimes?",2025-12-21 19:19:21
144,ALICE STEWART,ALICE.STEWART@aol.com,new movies?,hey just wondering if you guys have any new releases coming out soon or anything new on the shelves? always looking for something fresh to watch. maybe anything 'New' you got?,2025-12-15 09:22:22
145,RUTH MARTINEZ,RUTH.MARTINEZ@outlook.com,QUESTION ABOUT A MOVIE I HEARD ABOUT!!!!,"I was talking to a friend and they mentioned a movie you guys had, something about... a fury? or maybe it was murder? FURY MURDER, i think it was called? Is that film available at your store? I REALLY WANT TO SEE IT AND THEY SAID IT WAS CHEAP TO RENT!!!! PLEASE LET ME KNOW!!!!",2026-02-19 21:54:34
146,MIKE WAY,MIKE.WAY@icloud.com,film bout fighting,i need a film for to watch sum fighting in it you know like action movies like the one with the tomatoes or something else similar to that i cant rememeber the name but its like action right i wanna rent that if you have it its like a good one i think for fighting or something else i want a action film.,2026-01-31 23:31:52
147,BRYAN HARDISON,BRYAN.HARDISON@protonmail.com,Account statement,"Can I get a copy of my latest account statement please?

Bryan Hardison",2026-02-13 05:05:38
148,ALBERT CROUSE,ALBERT.CROUSE@mail.com,Inquiry Regarding Classic Film Availability,"To Whom It May Concern,

I am writing to inquire about the current selection of films available within your 'Classics' category. Specifically, I am interested in knowing if titles such as 'IRON MOON' are presently in stock for rental. I am a long-time patron and appreciate the curated selection you typically offer in this genre.

Any information you can provide regarding the availability of specific classic films would be greatly appreciated.

Sincerely,
Albert Crouse",2025-12-02 22:23:27
149,SHANE MILLARD,SHANE.MILLARD@live.com,Address Update,"Hi, I need to update my address. It's now 789 Elm Street, Anytown, CA 90210. Thanks.",2026-01-25 01:20:06
150,EMILY DIAZ,EMILY.DIAZ@example.com,FRAUD ALERT: Unauthorized Rental on My Account!!,"TO WHOM IT MAY CONCERN,

I just checked my bank statement and saw a charge from MediaVault for $0.99 for a movie called 'NOVOCAINE FLIGHT'. I absolutely, positively did NOT rent this movie. My account must have been compromised or there's been some kind of mistake. I have never even heard of that film! I am extremely concerned about the security of my account and my personal information.

This is a potential fraud situation. I need someone to investigate this IMMEDIATELY. Remove this charge, secure my account, and tell me what happened. If this isn't resolved fast, I will dispute ALL MediaVault charges with my bank. This is serious.",2026-02-02 17:26:19
151,VERNON CHAPA,VERNON.CHAPA@hotmail.com,Wrong movie in the case for AMADEUS HOLY,"Hello,

I rented 'AMADEUS HOLY' on June 20th, 2005. When I got home and opened the case, it wasn't Amadeus Holy at all. It was some random old documentary I'd never heard of. I had to go all the way back to the store to swap it out, which was a huge inconvenience.

This kind of mix-up shouldn't be happening. Can you please check your inventory procedures to prevent this in the future? It wasted a lot of my time.

Regards,
Vernon Chapa",2026-01-06 22:47:44
152,EMILY DIAZ,EMILY.DIAZ@gmail.com,Unauthorized Charge for NOVOCAINE FLIGHT,"To whom it may concern,

I am writing to dispute a charge of $0.99 that appeared on my statement dated August 18, 2005, for a rental of 'NOVOCAINE FLIGHT'. I did not rent this film on this date. Please investigate this matter and remove the charge from my account. I expect a confirmation of this adjustment soon.

Thank you,
Emily Diaz",2026-02-21 16:54:47
153,TOMMY COLLAZO,TOMMY.COLLAZO@yahoo.com,Good movies,"just wanna say thanks for always having good movies whenever i come to store 1. makes movie night easy.

tommy",2026-01-03 08:06:55
154,TODD TAN,TODD.TAN@aol.com,Late fee for DEER VIRGINIAN?,"I was charged a $2.99 late fee for 'DEER VIRGINIAN'. It says I was late by 2 days. I'm positive I returned that movie a day earlier than your system shows, around the 4th or 5th of August, not the 7th. Please adjust my account.",2026-01-21 20:15:25
155,TONYA CHAPMAN,TONYA.CHAPMAN@outlook.com,Urgente!!! Need to change my address.,"Hello,
I'm writing becaus I need to change my address. I moved last weak, like just tuesday actully and I went to rent a movie yesturday, a really good one with that guy, you know, the one from the space movie? Anyway it didnt work cause my old address was still on file so I need to get that updated asap cause I wanna rent movies tonight. The new address is 789 Elm Street, Apt 3B, Springfield, IL 62704. Please confirm once its updated. Thanks.",2026-02-05 18:46:56
156,MELISSA KING,MELISSA.KING@icloud.com,Questioning late fee for Hills Neighbors,"Hello,

I received a charge for $4.99 related to a late fee for ""HILLS NEIGHBORS"". While I acknowledge the film was out for 9 days, I was under the impression that the late period was only 2 or 3 days, not 4 as indicated on the invoice. Could you please verify the exact calculation for this late fee? It seems a bit excessive for the actual period it was late.

Thank you,
Melissa King",2025-12-10 03:46:01
157,CASEY MENA,CASEY.MENA@protonmail.com,Help me find something to watch! :),"Hey MediaVault crew!

So, I'm kinda stuck in a rut with what to rent next. I really like movies that are exciting, you know? Like, with a lot of action or maybe even some of those intense 'Games' category films you have. I've watched 'MONTEZUMA COMMAND' and 'ICE CROSSING' and thought they were pretty cool. I'm open to anything that'll keep me on the edge of my seat, maybe something with a bit of a thrill. Do you have any recommendations? I'm not really into super slow dramas, gotta keep it moving! Let me know what you think I'd like. Thanks a bunch!

Cheers,
Casey",2026-02-14 09:49:34
158,PATSY DAVIDSON,PATSY.DAVIDSON@mail.com,Late Fee for Airport Pollock,"Why was I charged a late fee for ""AIRPORT POLLOCK""? I understand it was out for 8 days, but a $6.99 fee for 3 days late seems high. Please explain.",2025-12-15 14:54:14
159,EUGENE CULPEPPER,EUGENE.CULPEPPER@live.com,Unrecognized charge,"Hello, I noticed a $1.99 charge on my statement from MediaVault that I don't recognize. Can you tell me what this is for? Thanks, Eugene.",2026-01-27 19:39:07
160,DARRYL ASHCRAFT,DARRYL.ASHCRAFT@example.com,Question about 'DAY UNFAITHFUL' and other new titles,"Hi MediaVault,

I was browsing your website and saw 'DAY UNFAITHFUL' listed under New releases. Is that film currently in stock at the Store 2 location? Also, if you have any other recent additions that are G-rated, I'd be interested to hear about those too. My family is always looking for new things to watch together.

Thanks,
Darryl Ashcraft",2026-02-06 10:41:47
161,KRISTIN JOHNSTON,KRISTIN.JOHNSTON@hotmail.com,Horror Film Stock,"Do you have a good selection of horror films? Specifically, I'm looking for something like ""CARRIE BUNCH"" or other recent scary movies. Please advise on availability.",2026-02-12 19:32:38
162,MARSHA DOUGLAS,MARSHA.DOUGLAS@gmail.com,Great Service at Store 2!,"Just wanted to send a quick note to say how impressed I am with the service at your Store 2 location. Every time I visit, the staff is friendly and efficient. Keep up the good work!",2026-02-09 01:17:53
163,JAVIER ELROD,JAVIER.ELROD@yahoo.com,Film Inquiry,"Hello, I heard about a sci-fi film called something like ""ATTACKS HATE""? Is that a real movie you have? Or maybe it was ""HATE ATTACKS"". Thanks.",2025-12-27 03:47:54
164,WILLIE MARKHAM,WILLIE.MARKHAM@aol.com,Charge for INTERVIEW LIAISONS,"I was charged $4.99 for the movie 'INTERVIEW LIAISONS'. I rented it on July 31, 2005. I returned the movie the very same day, or at the latest, early the next morning, August 1st. I shouldn't be charged the full rate for such a short rental. Please verify the return date and adjust the charge accordingly.",2026-01-05 20:30:51
165,RENEE LANE,RENEE.LANE@outlook.com,Feedback on G-rated film selection,"Hi there,

I'm writing to offer some thoughts on MediaVault's film selection. Overall, I appreciate the variety you offer, but I've found it a bit challenging sometimes to find a wide array of G-rated films that aren't specifically for very young children. While 'PICKUP DRIVING' was a surprisingly fun sports film that fit the bill, there aren't many similar options. It feels like there's a big jump from 'kids movies' to PG or PG-13. 

Perhaps you could consider stocking more general audience films across different genres – not just animation or overtly childish content, but things like nature documentaries, historical dramas, or even some classic musicals that are appropriate for all ages. It would really broaden the appeal for families who want to watch something together without worrying about age restrictions.

Thank you for listening!",2026-01-08 08:11:07
166,NORA HERRERA,NORA.HERRERA@icloud.com,Late Fee for Harry Idaho???,"Hello,
I got a notice about a late fee for 'HARRY IDAHO' like it was out for 9 days and I was late by 4 days, they said it was for $8.99. But I don't think that's right. I'm pretty sure I brought it back sooner than that, maybe even the day after I rented it. It was a while ago, but I always try to return movies fast. Can you check on this for me please? I don't want to pay a late fee if I wasn't actually late.

Thanks,
Nora Herrera",2026-01-29 19:42:16
167,JENNY CASTRO,JENNY.CASTRO@protonmail.com,"Formal Complaint: Unprofessional Behavior by Jon Stephens, Store 2","To the Management of MediaVault,

I am writing to formally complain about the highly unprofessional and frankly, rude behavior of a staff member named Jon Stephens at your Store 2 location. On [Date - e.g., Monday, October 23rd] at approximately [Time - e.g., 6:15 PM], I was attempting to process a return when Mr. Stephens, who was behind the counter, began making inappropriate comments about my choice of film, 'LOCK REAR'. He then proceeded to ignore my questions and instead engaged in a loud, personal conversation with another employee, making me feel completely disregarded and disrespected.

His conduct was utterly unacceptable and created an extremely uncomfortable environment. As a paying customer, I expect a basic level of courtesy and professionalism, neither of which were demonstrated by Jon Stephens. This kind of behavior reflects poorly on your company, and I believe it warrants serious disciplinary action. I request a thorough investigation into this matter and a direct response regarding the steps that will be taken to address his actions.",2026-01-25 14:42:04
168,DAN PAINE,DAN.PAINE@mail.com,Request to Update Primary Email Address,"To Whom It May Concern,

I am writing to request an update to the primary email address associated with my MediaVault account. My current email, DAN.PAINE@sakilacustomer.org, will soon be deactivated, and I wish to update it to my new personal email: dan.paine.new@example.com.

Please ensure all future communications, including billing statements, rental notifications, and promotional offers, are directed to this new address. Kindly confirm once this change has been processed.

Thank you for your prompt attention to this matter.

Best regards,
Dan Paine",2025-12-12 18:58:06
169,JOE GILLILAND,JOE.GILLILAND@live.com,Film Inquiry - Dance or Heist?,"Hi, I heard about a really cheap rental film you might have, only 99 cents I think? It was either called 'Odds Boogie' or maybe something about a robbery... 'Robbery Bright'? It was kinda gritty, like NC-17 or R-rated, which seemed odd for the 'Family' category my friend mentioned. Can you confirm if you have either of these and what they're actually about? Just curious before I make a trip down. Thanks, Joe.",2025-12-29 06:00:12
170,VICTORIA GIBSON,VICTORIA.GIBSON@example.com,Late Fee Inquiry - LOVER TRUMAN (Rental from 7/28),"Hello MediaVault,

I'm contacting you about a late fee showing on my account for the film ""LOVER TRUMAN,"" which I rented on July 28th, 2005. I returned the movie on August 3rd, 2005, which I believed was within the rental period. I distinctly remember dropping it in the return slot at your Store 1 location that evening. It was getting late, and the slot seemed a bit full, but it went in. 

I'm a little confused as to why I'm being charged. Could there have been a delay in processing the return, perhaps if the drop box wasn't emptied promptly? Or maybe the return date was logged incorrectly? I really don't think I should be paying for this, as I made sure to return it on time. Could you investigate this for me? I appreciate it.

Victoria Gibson",2025-12-08 06:17:06
171,LARRY THRASHER,LARRY.THRASHER@hotmail.com,Suggestion for more Sci-Fi/Horror,"To Whom It May Concern,

I'm generally happy with MediaVault's service. The rental process is smooth and your staff at Store 2 are always friendly. However, I've noticed that the selection of Sci-Fi and Horror films, especially newer releases or cult classics, can be a bit limited. I'm talking about things beyond the mainstream. For example, while 'ATTACKS HATE' was decent, I'm looking for more depth in the genre. Perhaps you could consider expanding these categories, maybe even a dedicated section for lesser-known gems?

It would be great to see more options, as these are my preferred genres. Thanks for considering my feedback.",2026-02-08 21:25:59
172,LUIS YANEZ,LUIS.YANEZ@gmail.com,Films,do you have punk divorce or shrek license. need to rent em for the kids.,2026-01-16 09:43:35
173,MARION SNYDER,MARION.SNYDER@yahoo.com,Damaged disc - Congeniality Quest,"Hello,

I rented 'CONGENIALITY QUEST' from your Store 2 location recently. When my family and I tried to watch it, the disc kept skipping and freezing about halfway through. We tried it in two different players, so I'm fairly certain the disc itself is scratched or damaged. It was quite frustrating as we couldn't finish the movie. What is the process for this? Am I entitled to a refund or a free rental? Please advise.",2025-12-31 02:16:47
174,GLEN TALBERT,GLEN.TALBERT@aol.com,I RETURNED MY MOVIE! Stop with the overdue notices!,"I received an email saying 'SATURDAY LAMBS' is overdue by 7 days. This is absolutely INCORRECT. I returned that movie days ago, I put it in the drop box outside your store on Monday morning! Your system must be wrong. I am NOT paying any late fees for a movie I already returned. FIX THIS NOW.",2026-02-03 19:54:42
175,WILLIE MARKHAM,WILLIE.MARKHAM@outlook.com,Disc did not play,Rented 'INTERVIEW LIAISONS' last month. It wouldn't play. Tried it in two different players. Total waste of time. What can be done?,2025-11-28 13:35:05
176,JIMMIE EGGLESTON,JIMMIE.EGGLESTON@icloud.com,question about past rentals,"hey MediaVault,

can i get a list of the movies ive rented in the last, like, 6 months? i'm trying to remember a film i watched.

cheers,
jimmie",2025-12-17 02:02:50
177,CHRIS BROTHERS,CHRIS.BROTHERS@protonmail.com,WHERE ARE THE NEW MOVIES????????,I KEEP COMING TO THE STORE AND THERE IS NEVER ANYTHING NEW!!!! I WANT TO RENT A NEW MOVIE LIKE BOULEVARD MOB OR SOMETHING ELSE THAT JUST CAME OUT AND YOUR SHELVES ARE ALWAYS EMPTY OR ITS JUST OLD STUFF I ALREADY SEEN WHY DONT YOU GUYS GET MORE NEW RELEASES IN STOCK THIS IS RIDICULOUS I AM A LOYAL CUSTOMER AND I DESERVE TO SEE NEW FILMS WHAT IS GOING ON WITH YOUR INVENTORY FIX IT NOW!!!!!!!!,2026-02-13 15:34:14
178,JESSE SCHILLING,JESSE.SCHILLING@mail.com,Expanding Niche Categories: Music and Travel Films,"To the MediaVault Management Team,

I am writing to provide feedback regarding your film inventory. While the breadth of your mainstream offerings is commendable, I perceive an opportunity for enhancement within certain niche categories, specifically Music and Travel. Films such as 'WORDS HUNTER' and 'EXPECATIONS NATURAL' represent excellent foundational choices in these genres, demonstrating their inclusion. However, the depth of selection within these areas could be significantly expanded to cater to patrons seeking more specialized content.

An increased allocation of titles in these categories would, I believe, attract a more diverse viewership and enrich the overall rental experience. Consider a broader range of music documentaries, concert films, or travelogues exploring various global destinations. Thank you for your consideration of this suggestion.",2025-12-27 16:12:26
179,LYNN PAYNE,LYNN.PAYNE@live.com,More Foreign Films Needed,"MediaVault,

I visit your Store 1 regularly. While 'MUPPET MILE' was an interesting foreign pick, I feel like your selection in the Foreign Films category could be much broader. There are so many fantastic international movies out there that never seem to make it to your shelves. It would be a huge improvement to see more variety from different countries and languages. Please look into this. Thanks.",2026-02-22 14:18:33
180,ERIN DUNN,ERIN.DUNN@example.com,A note of appreciation,"Hello MediaVault,

Just wanted to send a quick email to say that I really enjoy being a customer. You always have a good selection, and I particularly appreciate your Classics section. Finding films like 'SNATCHERS MONTEZUMA' is a real treat. Keep up the good work!",2025-12-29 06:38:12
181,ANA BRADLEY,ANA.BRADLEY@hotmail.com,Question about new releases,"Hi,

Is there ever going to be a better selection of movies at the Store 2 location? I feel like I'm seeing the same old stuff every time I come in. It's really hard to find anything I want to watch these days. Just wondering if that's going to change or if I should just look elsewhere. Thanks.",2025-12-20 23:16:14
182,RANDALL NEUMANN,RANDALL.NEUMANN@gmail.com,Request to Close Account,"Dear MediaVault Customer Service,

I am writing to formally request the closure of my MediaVault account. I have enjoyed your service, but I no longer have the time to utilize it. Please confirm once my account has been successfully closed and that there are no outstanding charges or rentals.

Thank you for your assistance.

Sincerely,
Randall Neumann",2026-01-03 03:38:26
183,STANLEY SCROGGINS,STANLEY.SCROGGINS@yahoo.com,WHAT IS THIS $8.99 CHARGE FOR EAGLES PANKY!?!,"I RENTED 'EAGLES PANKY' FOR $4.99. WHY THE HELL AM I CHARGED $8.99??? THIS IS FRAUD! FIX IT NOW OR I'M CANCELLING EVERYTHING! THIS IS RIDICULOUS. CHECK YOUR RECORDS, THE RENTAL RATE IS $4.99. I WANT MY MONEY BACK IMMEDIATELY.",2025-12-20 08:24:05
184,PHYLLIS FOSTER,PHYLLIS.FOSTER@aol.com,Question about a film I heard about,"Good morning,

I was hoping you could help me with a little query. My granddaughter was telling me about a lovely film she saw, I believe it was called 'Scarface Pond' or something similar? She said it was very sweet and good for children, maybe about some animals. I know you have 'SCARFACE BANG' which she has watched and enjoyed, but this sounded a bit different. Is there another film like that in your collection? I do hope I'm not confusing titles too much at my age!

Thank you for your kind assistance.

Regards,
Phyllis Foster",2026-01-05 15:49:36
185,CHRISTINE ROBERTS,CHRISTINE.ROBERTS@outlook.com,Potential duplicate charges,"I seem to have two separate $4.99 charges from MediaVault on my bank statement from the past week. I only recall renting one film. Could you please check my account to see if there's a duplicate charge that needs to be removed? My account is under Christine Roberts, email christine.roberts@sakilacustomer.org.

Thank you for your assistance.",2026-02-18 09:07:58
186,TOM MILNER,TOM.MILNER@icloud.com,whats new?,hey i was just at your place last week but didnt have much time to look around so i was wondering if you guys added any new films since then or if theres anything really cool coming out that i should keep an eye on because i want to rent something for the weekend but im not sure what and i like to keep up with the latest things if you know what i mean like maybe some of the 'New' category stuff.,2026-02-08 19:18:41
187,DEBBIE REYES,DEBBIE.REYES@protonmail.com,WHAT IS WRONG WITH MY ACCOUNT?!,I CANNOT LOG IN AND I NEED TO RENT A MOVIE FOR MY KIDS RIGHT NOW. WHAT IS GOING ON WITH MY ACCOUNT??? I PAY MY BILLS ON TIME EVERY MONTH AND NOW I'M GETTING THIS ERROR. FIX IT IMMEDIATELY OR I'M CANCELING EVERYTHING. THIS IS UNACCEPTABLE.,2026-01-03 04:02:11
188,CARRIE PORTER,CARRIE.PORTER@mail.com,Urgent help needed with my account due to financial hardship,"Dear MediaVault,

I am writing to you in a desperate situation. Due to some very sudden and unexpected financial difficulties, I am unable to afford my usual monthly payments, or even any new rentals right now. Things have become incredibly tight for my family, and I'm really struggling. I've always loved your service, but I simply can't keep it up.

Is there anything, anything at all, you can do to help me? Perhaps a temporary suspension of my account without penalty, or some kind of hardship program? I'm truly embarrassed to even write this, but I don't know where else to turn. I really don't want to lose access entirely, but I also can't afford it. Please, could someone compassionate review my situation and see if there's any flexibility? Thank you for your time and understanding.",2025-12-20 05:32:13
189,SYLVIA ORTIZ,SYLVIA.ORTIZ@live.com,Urgent: Billing Discrepancy for ALADDIN CALENDAR Rental,"Dear MediaVault Customer Service,

I am writing to dispute a charge of $4.99 on my account. This charge is associated with the rental of the film ""ALADDIN CALENDAR"" on August 1, 2005. I distinctly recall returning this film on August 3, 2005, which should not have incurred any additional fees beyond the standard rental rate. However, my statement shows a charge that seems to indicate a longer rental period or an incorrect base rate.

Could you please review my rental history for ""ALADDIN CALENDAR"" and clarify why a $4.99 charge was applied? I believe there might be an error in the return date recorded or a misunderstanding regarding the applicable rental rate for that period. I have always returned my rentals promptly and expect my billing to reflect that accuracy.

I would appreciate a prompt investigation into this matter and a clear explanation of the charge. Please adjust my account if an error is found.

Sincerely,
Sylvia Ortiz",2026-02-11 05:03:07
190,JILL HAWKINS,JILL.HAWKINS@example.com,Question about recent charge - WESTWARD SEABISCUIT,"Dear MediaVault Customer Service,

I am writing to inquire about a charge of $0.99 that appeared on my statement for the film ""WESTWARD SEABISCUIT"". My records indicate I rented this film on June 16, 2005, and returned it on June 22, 2005. The rental rate was $0.99. I believe this charge is incorrect or redundant as I returned the film within the expected timeframe. Could you please review this transaction and clarify the charge?

Thank you,
Jill Hawkins",2026-01-21 02:19:07
191,TAMMY SANDERS,TAMMY.SANDERS@hotmail.com,MASSIVE REFUND DEMAND AND THREAT TO GO PUBLIC,"I am beyond furious with MediaVault. As one of your top-tier customers, having spent over SIX THOUSAND DOLLARS with you, I expect a premium service. Instead, I've been consistently let down by buffering issues, disappearing rentals, and an utterly useless customer service team that clearly doesn't value loyal patrons.

The last straw was trying to watch 'FLATLINERS KILLER' last night and it froze halfway through, then wouldn't resume. This is just one incident in a long line of disappointments. Your service has deteriorated to an unacceptable level.

I am demanding a FULL REFUND for my past year of subscriptions and all individual rentals, totaling approximately $1,500. This is not negotiable. If this demand is not met within 48 hours, I will not only cancel my account, but I will also take my story, including all records of your shoddy service and pathetic responses, directly to consumer protection agencies, local news outlets, and every social media platform imaginable. I will make sure everyone knows how MediaVault treats its most valuable customers. You have been warned.",2025-12-19 01:30:33
192,ALVIN DELOACH,ALVIN.DELOACH@gmail.com,Suggestion for MediaVault Online Experience,"Dear MediaVault Management,

I am writing to provide a suggestion regarding your online film browsing system. While the selection is commendable, I find the search filters to be somewhat basic. It would be incredibly beneficial if customers could filter by multiple categories simultaneously, or perhaps by specific directors or lead actors. This would greatly enhance the user experience and make it easier to discover new films within our preferred niches.

Thank you for considering this improvement.

Sincerely,
Alvin Deloach",2025-12-15 10:30:16
193,NATALIE MEYER,NATALIE.MEYER@yahoo.com,Address change,"Hi,
Just moved! Can you please update my address in your system? My new address is 123 Maple Ave, Apt 4, Anytown, CA 90210. Thanks a bunch!
Natalie",2026-01-11 07:11:36
194,DEBRA NELSON,DEBRA.NELSON@aol.com,OVERCHARGED FOR CONFUSED CANDLES - REFUND ME NOW!,"WHAT IS GOING ON WITH MY BILLING? I WAS CHARGED $8.99 FOR 'CONFUSED CANDLES' WHICH I RENTED ON JULY 8TH. THAT IS COMPLETELY WRONG! THE RENTAL RATE IS SUPPOSED TO BE $2.99! THIS IS UNACCEPTABLE. I DEMAND A REFUND FOR THE OVERCHARGE IMMEDIATELY. YOU CANNOT JUST CHARGE WHATEVER YOU WANT. I AM VERY UNHAPPY WITH THIS SERVICE.

DEBRA NELSON",2026-01-25 11:30:36
195,LEO EBERT,LEO.EBERT@outlook.com,Recent Transactions,"Send me a copy of my recent transactions, last 3 months.",2026-02-25 13:10:33
196,CHARLOTTE HUNTER,CHARLOTTE.HUNTER@icloud.com,UNACCEPTABLE SERVICE AT YOUR STORE!,"I CANNOT BELIEVE THE WAY I WAS TREATED AT YOUR STORE. THE STAFF IS SO RUDE, I FELT LIKE I WAS BOTHERING THEM JUST ASKING A QUESTION ABOUT A MOVIE. THEY ACTED LIKE I WAS STUPID. THIS IS NOT HOW YOU TREAT PAYING CUSTOMERS. I'M SO ANGRY I'M NOT SURE I'M COMING BACK. FIX YOUR STAFF OR LOSE CUSTOMERS. IT WAS THE STORE ON MAIN STREET, TODAY!",2026-01-11 17:09:40
197,AMANDA CARTER,AMANDA.CARTER@protonmail.com,Billing Question,Why was I charged $5.99 on my account last week? Please explain.,2025-11-29 20:55:22
198,ESTHER CRAWFORD,ESTHER.CRAWFORD@mail.com,Regarding charge for STRAIGHT HOURS - too high!,"Hello MediaVault Support,

I need some help understanding a recent charge on my account. I rented the movie 'STRAIGHT HOURS' around August 1st, and the rental rate was supposed to be $0.99. However, I've been charged $6.99! This is a significant difference, and I don't understand why. Was there a late fee? I thought I returned it on time, or at least very close to it. I'm a bit confused because I usually don't have issues with my billing.

Could you please look into this for me and explain why I was charged so much more than the advertised rental rate? I'd appreciate any clarification you can provide.

Thank you for your time.
Esther Crawford",2026-01-07 04:21:31
199,WILMA RICHARDS,WILMA.RICHARDS@live.com,Can I see my rental list?,"Hello,

I hope this email finds you well. I'm trying to remember all the movies I've rented from MediaVault over the past few years, or maybe even just the last year or so. My memory isn't what it used to be, you see, and I was chatting with my friend the other day about old movies we used to watch and I couldn't for the life of me recall if I'd rented a certain one from you folks or bought it somewhere else. It would be super helpful if you could send me a list of my rental history, or tell me how I can access it myself. I'd prefer a list if possible.

Thank you for your help.
Wilma Richards",2025-12-06 22:47:15
200,HOWARD FORTNER,HOWARD.FORTNER@example.com,Availability of 'Games' Category Films,"To Whom It May Concern,

I am writing to inquire about the current selection of films available within your 'Games' category. I have previously rented titles such as 'ICE CROSSING', 'MONSOON CAUSE', and 'DWARFS ALTER'. Could you please provide an updated list or confirm the availability of your full inventory under this specific classification?

My interest lies primarily in the aforementioned genre, and I would appreciate any information regarding new additions or restocked titles.

Thank you for your prompt attention to this matter.

Sincerely,
Howard Fortner",2026-02-25 04:43:01
201,MARION SNYDER,MARION.SNYDER@hotmail.com,Do you sell popcorn?,"Hi there, just wondering if your Store 2 location sells any snacks like popcorn or candy while we rent movies? Thanks!",2026-01-05 04:47:22
202,CYNTHIA YOUNG,CYNTHIA.YOUNG@gmail.com,Lost sunglasses?,"Hello, I visited your Store 1 yesterday afternoon and think I might have left my sunglasses behind. Do you have a lost and found? They're black Ray-Bans.",2026-02-03 09:44:52
203,EMILY DIAZ,EMILY.DIAZ@yahoo.com,Order #MV2023-456,"Dear MediaVault, I placed an order for a custom vinyl record last week and haven't received a shipping update. Could you please check on order #MV2023-456 for me? Thanks!",2026-02-14 08:13:36
204,CHRISTOPHER GRECO,CHRISTOPHER.GRECO@aol.com,Holiday Hours,Quick question: Are you guys open on Labor Day? Trying to plan ahead for some movie rentals.,2025-12-19 19:15:26
205,TRACEY BARRETT,TRACEY.BARRETT@outlook.com,Selling Used DVDs?,"Hi, I have a bunch of old DVDs I'm looking to get rid of. Does MediaVault (Store 2) buy used DVDs or have any kind of trade-in program?",2026-02-13 21:28:48
206,BRENT HARKINS,BRENT.HARKINS@icloud.com,Video Game Rentals?,"Just curious if you rent video games too, or just movies? Been looking for somewhere to get some PS5 games.",2026-01-02 17:20:23
207,CHRISTY VARGAS,CHRISTY.VARGAS@protonmail.com,Cartoons for kids?,My kids want to know if you have any new cartoons to rent? They like the ones with talking animals. Thanks!,2026-01-29 05:07:36
208,NELLIE GARRETT,NELLIE.GARRETT@mail.com,Bathroom facilities,"Good morning, I was wondering if MediaVault Store 1 has a public restroom available for customers? It's always good to know!",2025-11-30 10:50:31
209,ELLA OLIVER,ELLA.OLIVER@live.com,Are you open in the snow?,"With all this snow, are you still open today at Store 2? Don't want to make the trip if you're closed.",2025-12-03 11:05:24
210,WANDA PATTERSON,WANDA.PATTERSON@example.com,Do you have customer Wi-Fi?,"Hello, just a quick question. Does your Store 1 location offer free Wi-Fi for customers while they browse or wait? Thanks for letting me know.",2026-01-13 14:14:27
211,TOMMY COLLAZO,TOMMY.COLLAZO@hotmail.com,Parking at Store 1,"Hey, what's the parking situation like at your Store 1 location? Is there a dedicated lot or is it street parking only?",2025-12-01 14:29:40
212,LYDIA BURKE,LYDIA.BURKE@gmail.com,Pet policy?,"I have a small, very well-behaved dog. Is MediaVault Store 1 pet-friendly, or do I need to leave him at home when I come to rent?",2026-01-05 15:42:25
213,ANA BRADLEY,ANA.BRADLEY@yahoo.com,Birthday Parties,Would it be possible to host a small birthday party at your Store 2 location? My son loves movies and it would be a unique idea!,2026-02-25 03:46:37
214,RENEE LANE,RENEE.LANE@aol.com,Is this the right email?,"Hi, is this the correct email for MediaVault Store 1 customer service inquiries?",2025-12-19 14:30:27
215,BERNARD COLBY,BERNARD.COLBY@outlook.com,Thanks for the great garden!,Just wanted to say thank you for the beautiful community garden you maintain next to your building. It's truly a lovely spot in the neighborhood. Keep up the great work!,2026-01-30 21:30:57
216,HAROLD MARTINO,HAROLD.MARTINO@icloud.com,Gift Cards,Do you offer gift cards for MediaVault rentals? I'd like to get one for a friend's birthday.,2026-01-11 12:46:02
217,DIANNE SHELTON,DIANNE.SHELTON@protonmail.com,Rewards program?,I'm a frequent renter at your Store 2 location. Do you have any kind of loyalty or rewards program for regular customers?,2026-02-04 17:09:32
218,MARSHALL THORN,MARSHALL.THORN@mail.com,Returning to a different store?,"If I rent a movie from Store 1, can I return it to the other MediaVault location (Store 2)? Or do I have to bring it back to the original store?",2025-12-11 11:27:18
219,JESSIE BANKS,JESSIE.BANKS@live.com,Do you sell cereal?,"This might be a weird question, but do you guys sell cereal like Froot Loops? My kid insists on having some for our movie night. Store 2.",2026-02-03 15:52:59
220,KEVIN SCHULER,KEVIN.SCHULER@example.com,Directions to Store 1,Could you please provide the best driving directions to your Store 1 location from the downtown area? I always get a bit turned around.,2026-02-04 01:16:08
221,MICHEAL FORMAN,MICHEAL.FORMAN@hotmail.com,Open late?,"Hey, are you guys open late tonight at Store 1?",2026-01-03 14:00:33
222,SHANNON FREEMAN,SHANNON.FREEMAN@gmail.com,Music CDs,"Do you also rent music CDs at your Store 2 location, or is it strictly movies and TV shows?",2025-12-07 14:50:41
223,PENNY NEAL,PENNY.NEAL@yahoo.com,Just checking in,Hi there. I wus just checking to see if you recieved my last email about the thing. I dont recall what I sent but I think it was importent. Please confirm for store 1. Thanks.,2025-12-08 16:35:39
224,ALVIN DELOACH,ALVIN.DELOACH@aol.com,Community Meeting Space?,"Hello, our local book club is looking for a small, quiet space to meet once a month. Would MediaVault Store 2 consider allowing us to use a corner of your store for an hour or so?",2026-02-08 00:34:48
225,MIRIAM MCKINNEY,MIRIAM.MCKINNEY@outlook.com,Any events planned?,"I heard a rumor you might be hosting a retro movie marathon or some kind of community event soon at Store 1. Is there any truth to that, or a calendar of events available?",2026-02-17 20:46:32
